web_scraper_order,web_scraper_start_url,nom,prix,adresse,urls_images
"1767042573-1","https://sn.coinafrique.com/categorie/poules-lapins-et-pigeons","Lapins","25 000CFA","Parcelle Assainies, Dakar, Sénégal","https://images.coinafrique.com/thumb_5693264_uploaded_image1_1766935865.jpg"
"1767042573-2","https://sn.coinafrique.com/categorie/poules-lapins-et-pigeons","Pigeons","Prix sur demande","Dakar, Sénégal","https://images.coinafrique.com/thumb_5674944_uploaded_image1_1765881198.jpg"
"1767042573-3","https://sn.coinafrique.com/categorie/poules-lapins-et-pigeons","Pigeon King","60 000CFA","Mbao, Dakar, Sénégal","https://images.coinafrique.com/thumb_5669544_uploaded_image1_1765545674.jpg"
"1767042573-4","https://sn.coinafrique.com/categorie/poules-lapins-et-pigeons","Poulettes pré ponte de 124 jours","5 000CFA","Dakar, Sénégal","https://images.coinafrique.com/thumb_5655142_uploaded_image2_1764832679.jpeg"
"1767042573-5","https://sn.coinafrique.com/categorie/poules-lapins-et-pigeons","Poussin goliath","300CFA","Thies, Sénégal","https://images.coinafrique.com/thumb_5648409_uploaded_image1_1764510412.jpg"
"1767042573-6","https://sn.coinafrique.com/categorie/poules-lapins-et-pigeons","Poulet Goliath","Prix sur demande","Mbao, Dakar, Sénégal","https://images.coinafrique.com/thumb_5648319_uploaded_image1_1764504900.jpg"
"1767042573-7","https://sn.coinafrique.com/categorie/poules-lapins-et-pigeons","Pigeon Voyageur","20 000CFA","Rufisque, Sénégal","https://images.coinafrique.com/thumb_5642510_uploaded_image1_1764173213.jpg"
"1767042573-8","https://sn.coinafrique.com/categorie/poules-lapins-et-pigeons","Poule Brahman","Prix sur demande","Keur Massar, Sénégal","https://images.coinafrique.com/thumb_5594420_uploaded_image1_1761683034.jpg"
"1767042573-9","https://sn.coinafrique.com/categorie/poules-lapins-et-pigeons","Femmel cailloute","30 000CFA","Mariste, Dakar, Sénégal","https://images.coinafrique.com/thumb_5587969_uploaded_image1_1761236540.jpg"
"1767042573-10","https://sn.coinafrique.com/categorie/poules-lapins-et-pigeons","Poule Brahman","Prix sur demande","Keur Massar, Sénégal","https://images.coinafrique.com/thumb_5577027_uploaded_image1_1760621886.jpg"
"1767042573-11","https://sn.coinafrique.com/categorie/poules-lapins-et-pigeons","Lapin","Prix sur demande","Guediawaye, Dakar, Sénégal","https://images.coinafrique.com/thumb_5572908_uploaded_image1_1760428902.jpg"
"1767042573-12","https://sn.coinafrique.com/categorie/poules-lapins-et-pigeons","Pigeons mondain","Prix sur demande","Guediawaye, Dakar, Sénégal","https://images.coinafrique.com/thumb_5572903_uploaded_image1_1760428699.jpg"
"1767042573-13","https://sn.coinafrique.com/categorie/poules-lapins-et-pigeons","Couple  Mondain","130 000CFA","HLM, Dakar, Sénégal","https://images.coinafrique.com/thumb_5541428_uploaded_image1_1758715216.jpg"
"1767042573-14","https://sn.coinafrique.com/categorie/poules-lapins-et-pigeons","Pigeon","15 000CFA","Ouest Foire, Dakar, Sénégal","https://images.coinafrique.com/thumb_5521622_uploaded_image1_1757666321.jpg"
"1767042573-15","https://sn.coinafrique.com/categorie/poules-lapins-et-pigeons","Lapin","40 000CFA","Keur Massar, Sénégal","https://images.coinafrique.com/thumb_5514578_uploaded_image2_1757331557.jpeg"
"1767042573-16","https://sn.coinafrique.com/categorie/poules-lapins-et-pigeons","Pigeon Mondain","120 000CFA","Guediawaye, Dakar, Sénégal","https://images.coinafrique.com/thumb_5507608_uploaded_image1_1756942600.jpg"
"1767042573-17","https://sn.coinafrique.com/categorie/poules-lapins-et-pigeons","Pigeon Mondain","120 000CFA","Guediawaye, Dakar, Sénégal","https://images.coinafrique.com/thumb_5507606_uploaded_image1_1756942550.jpg"
"1767042573-18","https://sn.coinafrique.com/categorie/poules-lapins-et-pigeons","Pigeons","100 000CFA","Parcelle Assainies, Dakar, Sénégal","https://images.coinafrique.com/thumb_5458528_uploaded_image1_1754315737.jpg"
"1767042573-19","https://sn.coinafrique.com/categorie/poules-lapins-et-pigeons","Cochin caillouté","Prix sur demande","Ouakam, Dakar, Sénégal","https://images.coinafrique.com/thumb_5497195_uploaded_image1_1756395052.jpg"
"1767042573-20","https://sn.coinafrique.com/categorie/poules-lapins-et-pigeons","Couples texans pionniers","40 000CFA","Ouakam, Dakar, Sénégal","https://images.coinafrique.com/thumb_5497183_uploaded_image1_1756394350.jpg"
"1767042573-21","https://sn.coinafrique.com/categorie/poules-lapins-et-pigeons","Couple Mondain","100 000CFA","Ouakam, Dakar, Sénégal","https://images.coinafrique.com/thumb_5497172_uploaded_image1_1756394052.jpg"
"1767042573-22","https://sn.coinafrique.com/categorie/poules-lapins-et-pigeons","Couple Manteau noir","15 000CFA","Ouakam, Dakar, Sénégal","https://images.coinafrique.com/thumb_5497155_uploaded_image1_1756393487.jpg"
"1767042573-23","https://sn.coinafrique.com/categorie/poules-lapins-et-pigeons","Pigeon culbtant volga","30 000CFA","Fatick, Sénégal","https://images.coinafrique.com/thumb_5497140_uploaded_image1_1756393034.jpg"
"1767042573-24","https://sn.coinafrique.com/categorie/poules-lapins-et-pigeons","Pigeon Lahore Levante","Prix sur demande","Thies, Sénégal","https://images.coinafrique.com/thumb_5486667_uploaded_image1_1755797873.jpg"
"1767042573-25","https://sn.coinafrique.com/categorie/poules-lapins-et-pigeons","Pigeon Beauté Allemande","Prix sur demande","Thies, Sénégal","https://images.coinafrique.com/thumb_5486666_uploaded_image1_1755797791.jpg"
"1767042573-26","https://sn.coinafrique.com/categorie/poules-lapins-et-pigeons","Lapin","35 000CFA","Almadies, Dakar, Sénégal","https://images.coinafrique.com/thumb_5465434_uploaded_image1_1754648894.jpg"
"1767042573-27","https://sn.coinafrique.com/categorie/poules-lapins-et-pigeons","Lapin Métis Californien","25 000CFA","Keur Massar, Sénégal","https://images.coinafrique.com/thumb_5437884_uploaded_image1_1753306013.jpg"
"1767042573-28","https://sn.coinafrique.com/categorie/poules-lapins-et-pigeons","Brahman herminé","Prix sur demande","Keur Massar, Sénégal","https://images.coinafrique.com/thumb_5435588_uploaded_image1_1753200754.jpg"
"1767042573-29","https://sn.coinafrique.com/categorie/poules-lapins-et-pigeons","Poussins frisés","15 000CFA","Keur Massar, Sénégal","https://images.coinafrique.com/thumb_5430818_uploaded_image1_1752929676.jpg"
"1767042573-30","https://sn.coinafrique.com/categorie/poules-lapins-et-pigeons","Poussins brahma blanc herminé","25 000CFA","Dieuppeul-Derklé, Dakar, Sénégal","https://images.coinafrique.com/thumb_5414572_uploaded_image1_1752060211.jpg"
"1767042573-31","https://sn.coinafrique.com/categorie/poules-lapins-et-pigeons","Poussins brahmas importés","10 000CFA","Diamalaye 2, Dakar, Sénégal","https://images.coinafrique.com/thumb_5404325_uploaded_image1_1751544553.jpg"
"1767042573-32","https://sn.coinafrique.com/categorie/poules-lapins-et-pigeons","Poussins frisés","15 000CFA","Keur Massar, Sénégal","https://images.coinafrique.com/thumb_5402124_uploaded_image1_1751450050.jpg"
"1767042573-33","https://sn.coinafrique.com/categorie/poules-lapins-et-pigeons","Poussins frisés","15 000CFA","Keur Massar, Sénégal","https://images.coinafrique.com/thumb_5402120_uploaded_image1_1751449791.jpg"
"1767042573-34","https://sn.coinafrique.com/categorie/poules-lapins-et-pigeons","Coqs colorés","8 000CFA","Biscuiterie, Dakar, Sénégal","https://images.coinafrique.com/thumb_5394586_uploaded_image1_1751020727.jpg"
"1767042573-35","https://sn.coinafrique.com/categorie/poules-lapins-et-pigeons","Poulet pondeuses","Prix sur demande","Mbour, Sénégal","https://images.coinafrique.com/thumb_5393356_uploaded_image1_1750945446.jpg"
"1767042573-36","https://sn.coinafrique.com/categorie/poules-lapins-et-pigeons","Lapins","Prix sur demande","Thies, Sénégal","https://images.coinafrique.com/thumb_5384185_uploaded_image1_1750435313.jpg"
"1767042573-37","https://sn.coinafrique.com/categorie/poules-lapins-et-pigeons","Couple voyageur","15 000CFA","Mariste, Dakar, Sénégal","https://images.coinafrique.com/thumb_5381347_uploaded_image1_1750286641.jpg"
"1767042573-38","https://sn.coinafrique.com/categorie/poules-lapins-et-pigeons","Lapin Métis californien","15 000CFA","Keur Massar, Sénégal","https://images.coinafrique.com/thumb_5364052_uploaded_image1_1749295289.jpg"
"1767042573-39","https://sn.coinafrique.com/categorie/poules-lapins-et-pigeons","Poulet Padovani","45 000CFA","Louga, Sénégal","https://images.coinafrique.com/thumb_5353407_uploaded_image1_1748690625.jpg"
"1767042573-40","https://sn.coinafrique.com/categorie/poules-lapins-et-pigeons","Poussins Brahma","Prix sur demande","Ouakam, Dakar, Sénégal","https://images.coinafrique.com/thumb_5352324_uploaded_image1_1748613214.jpg"
"1767042573-41","https://sn.coinafrique.com/categorie/poules-lapins-et-pigeons","Lapins Métis Californien","10 000CFA","Keur Massar, Sénégal","https://images.coinafrique.com/thumb_5350705_uploaded_image1_1748514803.jpg"
"1767042573-42","https://sn.coinafrique.com/categorie/poules-lapins-et-pigeons","Poulet","50 000CFA","Thies, Sénégal","https://images.coinafrique.com/thumb_5344600_uploaded_image1_1748179147.jpg"
"1767042573-43","https://sn.coinafrique.com/categorie/poules-lapins-et-pigeons","couple mondain adulte 2024","200 000CFA","Pikine, Sénégal","https://images.coinafrique.com/thumb_5337087_uploaded_image1_1747753115.jpg"
"1767042573-44","https://sn.coinafrique.com/categorie/poules-lapins-et-pigeons","Couple Braman Hermine","90 000CFA","Parcelle Assainies, Dakar, Sénégal","https://images.coinafrique.com/thumb_5329879_uploaded_image1_1747329681.jpg"
"1767042573-45","https://sn.coinafrique.com/categorie/poules-lapins-et-pigeons","Couple Braman Hermine","90 000CFA","Parcelle Assainies, Dakar, Sénégal","https://images.coinafrique.com/thumb_5329869_uploaded_image1_1747329370.jpg"
"1767042573-46","https://sn.coinafrique.com/categorie/poules-lapins-et-pigeons","Dindon","Prix sur demande","Ouakam, Dakar, Sénégal","https://images.coinafrique.com/thumb_5323572_uploaded_image1_1747046013.jpg"
"1767042573-47","https://sn.coinafrique.com/categorie/poules-lapins-et-pigeons","Pigeon voyageur","Prix sur demande","Ouakam, Dakar, Sénégal","https://images.coinafrique.com/thumb_5323552_uploaded_image1_1747045029.jpg"
"1767042573-48","https://sn.coinafrique.com/categorie/poules-lapins-et-pigeons","Pigeon King Indigo","Prix sur demande","Sicap Liberté, Dakar, Sénégal","https://images.coinafrique.com/thumb_5321991_uploaded_image1_1746917494.jpg"
"1767042573-49","https://sn.coinafrique.com/categorie/poules-lapins-et-pigeons","Pigeon","30 000CFA","Thies, Sénégal","https://images.coinafrique.com/thumb_5290537_uploaded_image1_1745182886.jpg"
"1767042573-50","https://sn.coinafrique.com/categorie/poules-lapins-et-pigeons","Poule","25 000CFA","Dakar, Sénégal","https://images.coinafrique.com/thumb_5280953_uploaded_image1_1744629489.jpg"
"1767042573-51","https://sn.coinafrique.com/categorie/poules-lapins-et-pigeons","Lapin geant","Prix sur demande","Keur Massar, Sénégal","https://images.coinafrique.com/thumb_5276799_uploaded_image1_1744362952.jpg"
"1767042573-52","https://sn.coinafrique.com/categorie/poules-lapins-et-pigeons","Barman","12 500CFA","Mbour, Sénégal","https://images.coinafrique.com/thumb_5276065_uploaded_image1_1744311662.jpg"
"1767042573-53","https://sn.coinafrique.com/categorie/poules-lapins-et-pigeons","Pigeon","Prix sur demande","Dakar, Sénégal","https://images.coinafrique.com/thumb_5274182_uploaded_image1_1744216748.jpg"
"1767042573-54","https://sn.coinafrique.com/categorie/poules-lapins-et-pigeons","Pigeons","Prix sur demande","Dakar, Sénégal","https://images.coinafrique.com/thumb_5274177_uploaded_image1_1744216637.jpg"
"1767042573-55","https://sn.coinafrique.com/categorie/poules-lapins-et-pigeons","Pigeons voyageurs","Prix sur demande","Dakar, Sénégal","https://images.coinafrique.com/thumb_5274172_uploaded_image1_1744216429.jpg"
"1767042573-56","https://sn.coinafrique.com/categorie/poules-lapins-et-pigeons","Brahma columbia","Prix sur demande","Parcelle Assainies, Dakar, Sénégal","https://images.coinafrique.com/thumb_5272290_uploaded_image1_1744128456.jpg"
"1767042573-57","https://sn.coinafrique.com/categorie/poules-lapins-et-pigeons","Pigeons de race","Prix sur demande","Ouakam, Dakar, Sénégal","https://images.coinafrique.com/thumb_5258333_uploaded_image1_1743424345.jpg"
"1767042573-58","https://sn.coinafrique.com/categorie/poules-lapins-et-pigeons","Poulet local","3 500CFA","Patte d'oie, Dakar, Sénégal","https://images.coinafrique.com/thumb_5252650_uploaded_image1_1743037834.jpg"
"1767042573-59","https://sn.coinafrique.com/categorie/poules-lapins-et-pigeons","Pigeon","100 000CFA","Sicap Liberté, Dakar, Sénégal","https://images.coinafrique.com/thumb_5246700_uploaded_image1_1742737554.jpg"
"1767042573-60","https://sn.coinafrique.com/categorie/poules-lapins-et-pigeons","Pigeon Mondain","150 000CFA","Guediawaye, Dakar, Sénégal","https://images.coinafrique.com/thumb_5232372_uploaded_image1_1741970489.jpg"
"1767042573-61","https://sn.coinafrique.com/categorie/poules-lapins-et-pigeons","Lapin Métis Californien","25 000CFA","Keur Massar, Sénégal","https://images.coinafrique.com/thumb_5225208_uploaded_image1_1741633076.jpg"
"1767042573-62","https://sn.coinafrique.com/categorie/poules-lapins-et-pigeons","Coque Hermine","50 000CFA","Dakar, Sénégal","https://images.coinafrique.com/thumb_5202384_uploaded_image1_1740482590.jpg"
"1767042573-63","https://sn.coinafrique.com/categorie/poules-lapins-et-pigeons","Lapins métis californiens","10 000CFA","Keur Massar, Sénégal","https://images.coinafrique.com/thumb_5198096_uploaded_image1_1740225080.jpg"
"1767042573-64","https://sn.coinafrique.com/categorie/poules-lapins-et-pigeons","Lapin Californien","120 000CFA","Almadies 2, Dakar, Sénégal","https://images.coinafrique.com/thumb_5189123_uploaded_image1_1739781768.jpg"
"1767042573-65","https://sn.coinafrique.com/categorie/poules-lapins-et-pigeons","Pigeon voyageur","5 000CFA","Dakar Plateau, Dakar, Sénégal","https://images.coinafrique.com/thumb_5180652_uploaded_image1_1739276152.jpg"
"1767042573-66","https://sn.coinafrique.com/categorie/poules-lapins-et-pigeons","Poussin herminé","10 000CFA","Dakar, Sénégal","https://images.coinafrique.com/thumb_5179009_uploaded_image1_1739192841.jpg"
"1767042573-67","https://sn.coinafrique.com/categorie/poules-lapins-et-pigeons","Pigeon Mondain","150 000CFA","Guediawaye, Dakar, Sénégal","https://images.coinafrique.com/thumb_5121788_uploaded_image1_1736179154.jpg"
"1767042573-68","https://sn.coinafrique.com/categorie/poules-lapins-et-pigeons","Lapin","12 000CFA","Diamniadio, Sénégal","https://images.coinafrique.com/thumb_5119498_uploaded_image1_1736025924.jpg"
"1767042573-69","https://sn.coinafrique.com/categorie/poules-lapins-et-pigeons","Lapin","12 000CFA","Diamniadio, Sénégal","https://images.coinafrique.com/thumb_5119494_uploaded_image1_1736025705.jpg"
"1767042573-70","https://sn.coinafrique.com/categorie/poules-lapins-et-pigeons","Poussin Herminé","36 000CFA","Dakar, Sénégal","https://images.coinafrique.com/thumb_5107651_uploaded_image1_1735215733.jpg"
"1767042573-71","https://sn.coinafrique.com/categorie/poules-lapins-et-pigeons","Poussins","Prix sur demande","Parcelle Assainies, Dakar, Sénégal","https://images.coinafrique.com/thumb_5104370_uploaded_image1_1734964382.jpg"
"1767042573-72","https://sn.coinafrique.com/categorie/poules-lapins-et-pigeons","Couple lahore lavande","30 000CFA","Patte d'oie, Dakar, Sénégal","https://images.coinafrique.com/thumb_5088564_uploaded_image1_1734010113.jpg"
"1767042573-73","https://sn.coinafrique.com/categorie/poules-lapins-et-pigeons","Pigeon Mondain","200 000CFA","Rufisque, Sénégal","https://images.coinafrique.com/thumb_5085521_uploaded_image1_1733851166.jpg"
"1767042573-74","https://sn.coinafrique.com/categorie/poules-lapins-et-pigeons","Poussin brahman","25 000CFA","Pikine, Sénégal","https://images.coinafrique.com/thumb_5080703_uploaded_image1_1733571477.jpg"
"1767042573-75","https://sn.coinafrique.com/categorie/poules-lapins-et-pigeons","Mondain noir","150 000CFA","Guediawaye, Dakar, Sénégal","https://images.coinafrique.com/thumb_5078519_uploaded_image1_1733444790.jpg"
"1767042573-76","https://sn.coinafrique.com/categorie/poules-lapins-et-pigeons","couple boulon saxe","45 000CFA","Mariste, Dakar, Sénégal","https://images.coinafrique.com/thumb_5069958_uploaded_image1_1733056070.jpg"
"1767042573-77","https://sn.coinafrique.com/categorie/poules-lapins-et-pigeons","Couple adulte métisses","35 000CFA","Pikine, Sénégal","https://images.coinafrique.com/thumb_5064256_uploaded_image1_1732714222.jpg"
"1767042573-78","https://sn.coinafrique.com/categorie/poules-lapins-et-pigeons","Poule Brahma","45 000CFA","Pikine, Sénégal","https://images.coinafrique.com/thumb_5044135_uploaded_image1_1731603018.jpg"
"1767042573-79","https://sn.coinafrique.com/categorie/poules-lapins-et-pigeons","Couple mantau écailles de 2 mois","15 000CFA","Mbour, Sénégal","https://images.coinafrique.com/thumb_5043101_uploaded_image1_1731565347.jpg"
"1767042573-80","https://sn.coinafrique.com/categorie/poules-lapins-et-pigeons","lapins mâle adulte","15 000CFA","Pikine, Sénégal","https://images.coinafrique.com/thumb_5000540_uploaded_image1_1729260478.jpg"
"1767042573-81","https://sn.coinafrique.com/categorie/poules-lapins-et-pigeons","Rex garenne","Prix sur demande","Almadies 2, Dakar, Sénégal","https://images.coinafrique.com/thumb_4998472_uploaded_image1_1729159431.jpg"
"1767042573-82","https://sn.coinafrique.com/categorie/poules-lapins-et-pigeons","Pigeon pan indien","10 000CFA","Patte d'oie, Dakar, Sénégal","https://images.coinafrique.com/thumb_4996843_uploaded_image1_1729085675.jpg"
"1767042573-83","https://sn.coinafrique.com/categorie/poules-lapins-et-pigeons","Poule Brahma","Prix sur demande","Parcelle Assainies, Dakar, Sénégal","https://images.coinafrique.com/thumb_4993341_uploaded_image1_1728920307.jpg"
"1767042573-84","https://sn.coinafrique.com/categorie/poules-lapins-et-pigeons","Couple lapins","15 000CFA","Pikine, Sénégal","https://images.coinafrique.com/thumb_4981240_uploaded_image1_1728309289.jpg"
"1767042573-85","https://sn.coinafrique.com/categorie/poules-lapins-et-pigeons","Lapins","15 000CFA","Grand Yoff, Dakar, Sénégal","https://images.coinafrique.com/thumb_4975768_uploaded_image1_1727986043.jpg"
"1767042573-86","https://sn.coinafrique.com/categorie/poules-lapins-et-pigeons","Coq","3 000CFA","Hann Bel-Air, Dakar, Sénégal","https://images.coinafrique.com/thumb_4975038_uploaded_image1_1727964716.jpg"
"1767042573-87","https://sn.coinafrique.com/categorie/poules-lapins-et-pigeons","Lapin","15 000CFA","Keur Massar, Sénégal","https://images.coinafrique.com/thumb_4966470_uploaded_image1_1727557573.jpg"
"1767042573-88","https://sn.coinafrique.com/categorie/poules-lapins-et-pigeons","Pigeon voyageur","Prix sur demande","Mariste, Dakar, Sénégal","https://images.coinafrique.com/thumb_4946879_uploaded_image1_1726499763.jpg"
"1767042573-89","https://sn.coinafrique.com/categorie/poules-lapins-et-pigeons","Pigeon voyageur","15 000CFA","Mariste, Dakar, Sénégal","https://images.coinafrique.com/thumb_4946878_uploaded_image1_1726499637.jpg"
"1767042573-90","https://sn.coinafrique.com/categorie/poules-lapins-et-pigeons","Poulets Fermiers","10 000CFA","Hann Bel-Air, Dakar, Sénégal","https://images.coinafrique.com/thumb_4942161_uploaded_image1_1726204258.jpg"
"1767042573-91","https://sn.coinafrique.com/categorie/poules-lapins-et-pigeons","Pigeon voyageur","25 000CFA","Mariste, Dakar, Sénégal","https://images.coinafrique.com/thumb_4936241_uploaded_image1_1725920934.jpg"
"1767042573-92","https://sn.coinafrique.com/categorie/poules-lapins-et-pigeons","Poule Brahma","Prix sur demande","Dakar, Sénégal","https://images.coinafrique.com/thumb_4936101_uploaded_image1_1725915391.jpg"
"1767042573-93","https://sn.coinafrique.com/categorie/poules-lapins-et-pigeons","couples lapins","15 000CFA","Pikine, Sénégal","https://images.coinafrique.com/thumb_4932369_uploaded_image1_1725702422.jpg"
"1767042573-94","https://sn.coinafrique.com/categorie/poules-lapins-et-pigeons","Pigeons Voyageurs  et boulants","Prix sur demande","Dakar, Sénégal","https://images.coinafrique.com/thumb_4920745_uploaded_image1_1725167512.jpg"
"1767042573-95","https://sn.coinafrique.com/categorie/poules-lapins-et-pigeons","pigeon voyageur","Prix sur demande","Guediawaye, Dakar, Sénégal","https://images.coinafrique.com/thumb_4917441_uploaded_image1_1724967120.jpg"
"1767042573-96","https://sn.coinafrique.com/categorie/poules-lapins-et-pigeons","Pigeon Boulant Gaditano","Prix sur demande","Dakar, Sénégal","https://images.coinafrique.com/thumb_4884507_uploaded_image1_1723139531.jpg"
"1767042573-97","https://sn.coinafrique.com/categorie/poules-lapins-et-pigeons","Lapin nain","30 000CFA","Parcelle Assainies, Dakar, Sénégal","https://images.coinafrique.com/thumb_4865409_uploaded_image1_1722221284.jpg"
"1767042573-98","https://sn.coinafrique.com/categorie/poules-lapins-et-pigeons","Cochin Caillouté Et Porteur Caillouté","Prix sur demande","Pikine, Sénégal","https://images.coinafrique.com/thumb_4862961_uploaded_image1_1722048205.jpg"
"1767042573-99","https://sn.coinafrique.com/categorie/poules-lapins-et-pigeons","Pigeon mondain noir","170 000CFA","Guediawaye, Dakar, Sénégal","https://images.coinafrique.com/thumb_4862270_uploaded_image1_1722006320.jpg"
"1767042573-100","https://sn.coinafrique.com/categorie/poules-lapins-et-pigeons","Pan indien blanc","35 000CFA","Mermoz-Sacré Coeur, Dakar, Sénégal","https://images.coinafrique.com/thumb_4860862_uploaded_image1_1721930737.jpg"
"1767042573-101","https://sn.coinafrique.com/categorie/poules-lapins-et-pigeons","Pigeons  Texan","20 000CFA","Mermoz-Sacré Coeur, Dakar, Sénégal","https://images.coinafrique.com/thumb_4860848_uploaded_image1_1721930260.jpg"
"1767042573-102","https://sn.coinafrique.com/categorie/poules-lapins-et-pigeons","Couple pigeon mondain blanc","70 000CFA","Mbao, Dakar, Sénégal","https://images.coinafrique.com/thumb_4853197_uploaded_image1_1721514569.jpg"
"1767042573-103","https://sn.coinafrique.com/categorie/poules-lapins-et-pigeons","Paires engoura","Prix sur demande","Mbao, Dakar, Sénégal","https://images.coinafrique.com/thumb_4841263_uploaded_image1_1720874099.jpg"
"1767042573-104","https://sn.coinafrique.com/categorie/poules-lapins-et-pigeons","Jeune Mondain 2024","150 000CFA","Thiaroye, Sénégal","https://images.coinafrique.com/thumb_4840128_uploaded_image1_1720797760.jpg"
"1767042573-105","https://sn.coinafrique.com/categorie/poules-lapins-et-pigeons","Lapereaux métisse Géant et Californien","15 000CFA","Mbao, Dakar, Sénégal","https://images.coinafrique.com/thumb_4829597_uploaded_image1_1720290196.jpg"
"1767042573-106","https://sn.coinafrique.com/categorie/poules-lapins-et-pigeons","Poussin Herminé standard","Prix sur demande","Dakar, Sénégal","https://images.coinafrique.com/thumb_4824502_uploaded_image1_1720037338.jpg"
"1767042573-107","https://sn.coinafrique.com/categorie/poules-lapins-et-pigeons","Mâle brahman Hierminés","Prix sur demande","Dakar, Sénégal","https://images.coinafrique.com/thumb_4824501_uploaded_image1_1720037293.jpg"
"1767042573-108","https://sn.coinafrique.com/categorie/poules-lapins-et-pigeons","Cochin porteur caillouté paire","120 000CFA","Mbao, Dakar, Sénégal","https://images.coinafrique.com/thumb_4818681_uploaded_image1_1719796046.jpg"
"1767042573-109","https://sn.coinafrique.com/categorie/poules-lapins-et-pigeons","Hermines et cochins","500CFA","Mermoz-Sacré Coeur, Dakar, Sénégal","https://images.coinafrique.com/thumb_4817873_uploaded_image1_1719747122.jpg"
"1767042573-110","https://sn.coinafrique.com/categorie/poules-lapins-et-pigeons","Poulet du pays","3 500CFA","Saint Louis, Sénégal","https://images.coinafrique.com/thumb_4807968_uploaded_image1_1719229010.jpg"
"1767042573-111","https://sn.coinafrique.com/categorie/poules-lapins-et-pigeons","Poule Brahma","95 000CFA","Rufisque, Sénégal","https://images.coinafrique.com/thumb_4807398_uploaded_image1_1719187421.jpg"
"1767042573-112","https://sn.coinafrique.com/categorie/poules-lapins-et-pigeons","Jeune couple Mondain","Prix sur demande","Guediawaye, Dakar, Sénégal","https://images.coinafrique.com/thumb_4800310_uploaded_image1_1718745887.jpg"
"1767042573-113","https://sn.coinafrique.com/categorie/poules-lapins-et-pigeons","Texan pionnier","Prix sur demande","Guediawaye, Dakar, Sénégal","https://images.coinafrique.com/thumb_4800306_uploaded_image1_1718745517.jpg"
"1767042573-114","https://sn.coinafrique.com/categorie/poules-lapins-et-pigeons","Poulet race","Prix sur demande","Keur Massar, Sénégal","https://images.coinafrique.com/thumb_4787594_uploaded_image1_1717954434.jpg"
"1767042573-115","https://sn.coinafrique.com/categorie/poules-lapins-et-pigeons","Poulets","2 500CFA","Dakar, Sénégal","https://images.coinafrique.com/thumb_4767951_uploaded_image1_1716976720.jpg"
"1767042573-116","https://sn.coinafrique.com/categorie/poules-lapins-et-pigeons","Couple lapereau fauve de bourgogne","40 000CFA","Lac rose, Sénégal","https://images.coinafrique.com/thumb_4751808_uploaded_image1_1716133783.jpg"
"1767042573-117","https://sn.coinafrique.com/categorie/poules-lapins-et-pigeons","Poulets de chair","1 500CFA","Mbao, Dakar, Sénégal","https://images.coinafrique.com/thumb_4696598_uploaded_image1_1713352074.jpg"
"1767042573-118","https://sn.coinafrique.com/categorie/poules-lapins-et-pigeons","Poulet","Prix sur demande","Thies, Sénégal","https://images.coinafrique.com/thumb_4738369_uploaded_image1_1715444473.jpg"
"1767042573-119","https://sn.coinafrique.com/categorie/poules-lapins-et-pigeons","Pigeons voyageurs","Prix sur demande","Dakar, Sénégal","https://images.coinafrique.com/thumb_4729764_uploaded_image1_1715037972.jpg"
"1767042573-120","https://sn.coinafrique.com/categorie/poules-lapins-et-pigeons","Poulet Nègre de soie","35 000CFA","Almadies, Dakar, Sénégal","https://images.coinafrique.com/thumb_4723223_uploaded_image1_1714727157.jpg"
"1767042573-121","https://sn.coinafrique.com/categorie/poules-lapins-et-pigeons","Lapin Angora","20 000CFA","Mamelles, Dakar, Sénégal","https://images.coinafrique.com/thumb_4714367_uploaded_image1_1714245668.jpg"
"1767042573-122","https://sn.coinafrique.com/categorie/poules-lapins-et-pigeons","Pigeons King mâle","35 000CFA","Dakar, Sénégal","https://images.coinafrique.com/thumb_4704120_uploaded_image1_1713750109.jpg"
"1767042573-123","https://sn.coinafrique.com/categorie/poules-lapins-et-pigeons","Lapereaux","13 500CFA","Guediawaye, Dakar, Sénégal","https://images.coinafrique.com/thumb_4703012_uploaded_image1_1713680804.jpg"
"1767042573-124","https://sn.coinafrique.com/categorie/poules-lapins-et-pigeons","Pigeon Mâle voyageur","Prix sur demande","Dakar, Sénégal","https://images.coinafrique.com/thumb_4690859_uploaded_image1_1713063647.jpg"
"1767042573-125","https://sn.coinafrique.com/categorie/poules-lapins-et-pigeons","Couple Pigeons voyageur","15 000CFA","Dakar, Sénégal","https://images.coinafrique.com/thumb_4690857_uploaded_image1_1713063525.jpg"
"1767042573-126","https://sn.coinafrique.com/categorie/poules-lapins-et-pigeons","Pigeon Mondain écailler","170 000CFA","Guediawaye, Dakar, Sénégal","https://images.coinafrique.com/thumb_4685152_uploaded_image1_1712756876.jpg"
"1767042573-127","https://sn.coinafrique.com/categorie/poules-lapins-et-pigeons","Poulets de chair","Prix sur demande","Mbour, Sénégal","https://images.coinafrique.com/thumb_4667518_uploaded_image1_1711842967.jpg"
"1767042573-128","https://sn.coinafrique.com/categorie/poules-lapins-et-pigeons","Femelle andalou","250 000CFA","Guediawaye, Dakar, Sénégal","https://images.coinafrique.com/thumb_4667144_uploaded_image1_1711815313.jpg"
"1767042573-129","https://sn.coinafrique.com/categorie/poules-lapins-et-pigeons","Pigeon voyageur à manteau","Prix sur demande","Cambérène, Dakar, Sénégal","https://images.coinafrique.com/thumb_4664901_uploaded_image1_1711663618.jpg"
"1767042573-130","https://sn.coinafrique.com/categorie/poules-lapins-et-pigeons","Pigeon Mondain Andalou","300CFA","Cambérène, Dakar, Sénégal","https://images.coinafrique.com/thumb_4664895_uploaded_image1_1711663431.jpg"
"1767042573-131","https://sn.coinafrique.com/categorie/poules-lapins-et-pigeons","Pigeons","50 000CFA","Rufisque, Sénégal","https://images.coinafrique.com/thumb_4662585_uploaded_image1_1711547077.jpg"
"1767042573-132","https://sn.coinafrique.com/categorie/poules-lapins-et-pigeons","Pigeon Texan","80 000CFA","Rufisque, Sénégal","https://images.coinafrique.com/thumb_4653331_uploaded_image1_1711039616.jpg"
"1767042573-133","https://sn.coinafrique.com/categorie/poules-lapins-et-pigeons","Pigeons Mondain","225 000CFA","Rufisque, Sénégal","https://images.coinafrique.com/thumb_4653298_uploaded_image1_1711039158.jpg"
"1767042573-134","https://sn.coinafrique.com/categorie/poules-lapins-et-pigeons","Œufs à couver","12 500CFA","Mbao, Dakar, Sénégal","https://images.coinafrique.com/thumb_4651892_uploaded_image1_1710962341.jpg"
"1767042573-135","https://sn.coinafrique.com/categorie/poules-lapins-et-pigeons","Couple  Brahma Herminé standard","80 000CFA","Mbao, Dakar, Sénégal","https://images.coinafrique.com/thumb_4650066_uploaded_image1_1710871182.jpg"
"1767042573-136","https://sn.coinafrique.com/categorie/poules-lapins-et-pigeons","Brahma","25 000CFA","Dakar, Sénégal","https://images.coinafrique.com/thumb_4644724_uploaded_image1_1710589505.jpg"
"1767042573-137","https://sn.coinafrique.com/categorie/poules-lapins-et-pigeons","Pigeon Boulant","Prix sur demande","Dakar, Sénégal","https://images.coinafrique.com/thumb_4624925_uploaded_image1_1709567352.jpg"
"1767042573-138","https://sn.coinafrique.com/categorie/poules-lapins-et-pigeons","Pigeon King","Prix sur demande","Dakar, Sénégal","https://images.coinafrique.com/thumb_4624920_uploaded_image1_1709567189.jpg"
"1767042573-139","https://sn.coinafrique.com/categorie/poules-lapins-et-pigeons","Pigeon voyageur","15 000CFA","Dakar, Sénégal","https://images.coinafrique.com/thumb_4624891_uploaded_image1_1709566248.jpg"
"1767042573-140","https://sn.coinafrique.com/categorie/poules-lapins-et-pigeons","Pigeons","Prix sur demande","Almadies 2, Dakar, Sénégal","https://images.coinafrique.com/thumb_4623025_uploaded_image1_1709471989.jpg"
"1767042573-141","https://sn.coinafrique.com/categorie/poules-lapins-et-pigeons","Pigeon voyageur Manteau Opale","Prix sur demande","Guediawaye, Dakar, Sénégal","https://images.coinafrique.com/thumb_4621197_uploaded_image1_1709366454.jpg"
"1767042573-142","https://sn.coinafrique.com/categorie/poules-lapins-et-pigeons","Poussin oie","35 000CFA","Guediawaye, Dakar, Sénégal","https://images.coinafrique.com/thumb_4619799_uploaded_image1_1709296095.jpg"
"1767042573-143","https://sn.coinafrique.com/categorie/poules-lapins-et-pigeons","Poulets de chairs","3 500CFA","Rufisque, Sénégal","https://images.coinafrique.com/thumb_4612683_uploaded_image1_1708957200.jpg"
"1767042573-144","https://sn.coinafrique.com/categorie/poules-lapins-et-pigeons","Brahman bleu Lemon","40 000CFA","Dakar, Sénégal","https://images.coinafrique.com/thumb_4612273_uploaded_image1_1708946489.jpg"
"1767042573-145","https://sn.coinafrique.com/categorie/poules-lapins-et-pigeons","Pigeons","Prix sur demande","Keur Massar, Sénégal","https://images.coinafrique.com/thumb_4612083_uploaded_image1_1708939903.jpg"
"1767042573-146","https://sn.coinafrique.com/categorie/poules-lapins-et-pigeons","Poussin Marans","10 000CFA","Dakar, Sénégal","https://images.coinafrique.com/thumb_4603800_uploaded_image1_1708477906.jpg"
"1767042573-147","https://sn.coinafrique.com/categorie/poules-lapins-et-pigeons","Pigeons couple Mondain","170 000CFA","Guediawaye, Dakar, Sénégal","https://images.coinafrique.com/thumb_4598304_uploaded_image1_1708179510.jpg"
"1767042573-148","https://sn.coinafrique.com/categorie/poules-lapins-et-pigeons","Couples lapereaux","100 000CFA","Keur Massar, Sénégal","https://images.coinafrique.com/thumb_4587998_uploaded_image1_1707587252.jpg"
"1767042573-149","https://sn.coinafrique.com/categorie/poules-lapins-et-pigeons","Pigeon Lahor","20 000CFA","Rufisque, Sénégal","https://images.coinafrique.com/thumb_4565457_uploaded_image1_1706369680.jpg"
"1767042573-150","https://sn.coinafrique.com/categorie/poules-lapins-et-pigeons","Pigeon Modain","160 000CFA","Grand Yoff, Dakar, Sénégal","https://images.coinafrique.com/thumb_4561395_uploaded_image1_1706128448.jpg"
"1767042573-151","https://sn.coinafrique.com/categorie/poules-lapins-et-pigeons","Lapereau","10 000CFA","Lac rose, Sénégal","https://images.coinafrique.com/thumb_4556321_uploaded_image1_1705859521.jpg"
"1767042573-152","https://sn.coinafrique.com/categorie/poules-lapins-et-pigeons","Poulet de chaire","5 000CFA","Mbao, Dakar, Sénégal","https://images.coinafrique.com/thumb_4555523_uploaded_image1_1705793143.jpg"
"1767042573-153","https://sn.coinafrique.com/categorie/poules-lapins-et-pigeons","Pigeons King","60 000CFA","Mariste, Dakar, Sénégal","https://images.coinafrique.com/thumb_4548383_uploaded_image1_1705424797.jpg"
"1767042573-154","https://sn.coinafrique.com/categorie/poules-lapins-et-pigeons","Paire pigeon  jeune King","60 000CFA","Mariste, Dakar, Sénégal","https://images.coinafrique.com/thumb_4545200_uploaded_image1_1705269534.jpg"
"1767042573-155","https://sn.coinafrique.com/categorie/poules-lapins-et-pigeons","Pigeons","5 000CFA","Sicap Liberté, Dakar, Sénégal","https://images.coinafrique.com/thumb_4542217_uploaded_image1_1705082041.jpg"
"1767042573-156","https://sn.coinafrique.com/categorie/poules-lapins-et-pigeons","Pigeons","5 000CFA","Sicap Liberté, Dakar, Sénégal","https://images.coinafrique.com/thumb_4542193_uploaded_image1_1705080975.jpg"
"1767042573-157","https://sn.coinafrique.com/categorie/poules-lapins-et-pigeons","Lapin","35 000CFA","Mariste, Dakar, Sénégal","https://images.coinafrique.com/thumb_4517612_uploaded_image1_1703770805.jpg"
"1767042573-158","https://sn.coinafrique.com/categorie/poules-lapins-et-pigeons","Pigeon","Prix sur demande","Ouakam, Dakar, Sénégal","https://images.coinafrique.com/thumb_4513662_uploaded_image2_1703531881.jpeg"
"1767042573-159","https://sn.coinafrique.com/categorie/poules-lapins-et-pigeons","Lapin","Prix sur demande","Mariste, Dakar, Sénégal","https://images.coinafrique.com/thumb_4513225_uploaded_image1_1703497424.jpg"
"1767042573-160","https://sn.coinafrique.com/categorie/poules-lapins-et-pigeons","Lapin fauve male","80 000CFA","Mariste, Dakar, Sénégal","https://images.coinafrique.com/thumb_4512680_uploaded_image1_1703431761.jpg"
"1767042573-161","https://sn.coinafrique.com/categorie/poules-lapins-et-pigeons","Couple lapin","Prix sur demande","Dakar, Sénégal","https://images.coinafrique.com/thumb_4509856_uploaded_image1_1703213564.jpg"
"1767042573-162","https://sn.coinafrique.com/categorie/poules-lapins-et-pigeons","Poulet de chair","3 500CFA","Dakar, Sénégal","https://images.coinafrique.com/thumb_4509252_uploaded_image1_1703175319.jpg"
"1767042573-163","https://sn.coinafrique.com/categorie/poules-lapins-et-pigeons","Couple lapereau","40 000CFA","Dakar, Sénégal","https://images.coinafrique.com/thumb_4505997_uploaded_image1_1702997024.jpg"
"1767042573-164","https://sn.coinafrique.com/categorie/poules-lapins-et-pigeons","Couple lapin français","40 000CFA","Dakar, Sénégal","https://images.coinafrique.com/thumb_4505989_uploaded_image1_1702996795.jpg"
"1767042573-165","https://sn.coinafrique.com/categorie/poules-lapins-et-pigeons","Lapin","Prix sur demande","Yoff, Dakar, Sénégal","https://images.coinafrique.com/thumb_4490937_uploaded_image1_1702037014.jpg"
"1767042573-166","https://sn.coinafrique.com/categorie/poules-lapins-et-pigeons","Lapin Angora male","8 000CFA","Diamniadio, Sénégal","https://images.coinafrique.com/thumb_4473413_uploaded_image1_1701020741.jpg"
"1767042573-167","https://sn.coinafrique.com/categorie/poules-lapins-et-pigeons","Lapin Angora male","18 000CFA","Diamniadio, Sénégal","https://images.coinafrique.com/thumb_4473399_uploaded_image1_1701019994.jpg"
"1767042573-168","https://sn.coinafrique.com/categorie/poules-lapins-et-pigeons","Pigeon King Blanc","75 000CFA","Mbour, Sénégal","https://images.coinafrique.com/thumb_4471585_uploaded_image1_1700864393.jpg"
"1767042573-169","https://sn.coinafrique.com/categorie/poules-lapins-et-pigeons","Pigeon Lahor","40 000CFA","Mbour, Sénégal","https://images.coinafrique.com/thumb_4471579_uploaded_image1_1700864120.jpg"
"1767042573-170","https://sn.coinafrique.com/categorie/poules-lapins-et-pigeons","Femelle lapin demi sang + cage","40 000CFA","Guediawaye, Dakar, Sénégal","https://images.coinafrique.com/thumb_4464349_uploaded_image1_1700417993.jpg"
"1767042573-171","https://sn.coinafrique.com/categorie/poules-lapins-et-pigeons","Lapin","Prix sur demande","Keur Massar, Sénégal","https://images.coinafrique.com/thumb_4453957_uploaded_image1_1699727543.jpg"
"1767042573-172","https://sn.coinafrique.com/categorie/poules-lapins-et-pigeons","Coqs","Prix sur demande","Ouakam, Dakar, Sénégal","https://images.coinafrique.com/thumb_4444985_uploaded_image1_1699208691.jpg"
"1767042573-173","https://sn.coinafrique.com/categorie/poules-lapins-et-pigeons","Lapin","Prix sur demande","Niaga, Sénégal","https://images.coinafrique.com/thumb_4435893_uploaded_image1_1698681315.jpg"
"1767042573-174","https://sn.coinafrique.com/categorie/poules-lapins-et-pigeons","Lapins","Prix sur demande","Rufisque, Sénégal","https://images.coinafrique.com/thumb_4434579_uploaded_image1_1698581736.jpg"
"1767042573-175","https://sn.coinafrique.com/categorie/poules-lapins-et-pigeons","Lapereau","10 000CFA","Niaga, Sénégal","https://images.coinafrique.com/thumb_4433087_uploaded_image1_1698427048.jpg"
"1767042573-176","https://sn.coinafrique.com/categorie/poules-lapins-et-pigeons","Lapereau","10 000CFA","Niaga, Sénégal","https://images.coinafrique.com/thumb_4425850_uploaded_image1_1697991508.jpg"
"1767042573-177","https://sn.coinafrique.com/categorie/poules-lapins-et-pigeons","Cochons d'Inde","15 000CFA","Keur Massar, Sénégal","https://images.coinafrique.com/thumb_4425812_uploaded_image1_1697988348.jpg"
"1767042573-178","https://sn.coinafrique.com/categorie/poules-lapins-et-pigeons","Pigeons voyageur de compétition","15 000CFA","Grand Yoff, Dakar, Sénégal","https://images.coinafrique.com/thumb_4418928_uploaded_image1_1697461664.jpg"
"1767042573-179","https://sn.coinafrique.com/categorie/poules-lapins-et-pigeons","Pigeons","3 000CFA","Grand Yoff, Dakar, Sénégal","https://images.coinafrique.com/thumb_4418917_uploaded_image1_1697461219.jpg"
"1767042573-180","https://sn.coinafrique.com/categorie/poules-lapins-et-pigeons","Pigeon voyageur","5 000CFA","Grand Yoff, Dakar, Sénégal","https://images.coinafrique.com/thumb_4418908_uploaded_image1_1697461394.jpg"
"1767042573-181","https://sn.coinafrique.com/categorie/poules-lapins-et-pigeons","Pigeon","2 000CFA","Grand Yoff, Dakar, Sénégal","https://images.coinafrique.com/thumb_4418898_uploaded_image1_1697460446.jpg"
"1767042573-182","https://sn.coinafrique.com/categorie/poules-lapins-et-pigeons","Lapin","35 000CFA","Mbao, Dakar, Sénégal","https://images.coinafrique.com/thumb_4408360_uploaded_image1_1696785290.jpg"
"1767042573-183","https://sn.coinafrique.com/categorie/poules-lapins-et-pigeons","Pigeon voyageur","8 000CFA","Rufisque, Sénégal","https://images.coinafrique.com/thumb_4406776_uploaded_image1_1696680924.jpg"
"1767042573-184","https://sn.coinafrique.com/categorie/poules-lapins-et-pigeons","Pigeon voyageur","8 000CFA","Rufisque, Sénégal","https://images.coinafrique.com/thumb_4406771_uploaded_image1_1696680728.jpg"
"1767042573-185","https://sn.coinafrique.com/categorie/poules-lapins-et-pigeons","Poussins","26 500CFA","Pikine, Sénégal","https://images.coinafrique.com/thumb_4399877_uploaded_image1_1696286458.jpg"
"1767042573-186","https://sn.coinafrique.com/categorie/poules-lapins-et-pigeons","Poule Brahma","25 000CFA","Medina, Dakar, Sénégal","https://images.coinafrique.com/thumb_4389249_uploaded_image1_1695564020.jpg"
"1767042573-187","https://sn.coinafrique.com/categorie/poules-lapins-et-pigeons","Lapins","20 000CFA","Niaga, Sénégal","https://images.coinafrique.com/thumb_4384422_uploaded_image1_1695232906.jpg"
"1767042573-188","https://sn.coinafrique.com/categorie/poules-lapins-et-pigeons","Lapereau","10 000CFA","Parcelle Assainies, Dakar, Sénégal","https://images.coinafrique.com/thumb_4381621_uploaded_image1_1695057585.jpg"
"1767042573-189","https://sn.coinafrique.com/categorie/poules-lapins-et-pigeons","Pigeons Culbutant français","50 000CFA","Dakar, Sénégal","https://images.coinafrique.com/thumb_4378163_uploaded_image1_1694787558.jpg"
"1767042573-190","https://sn.coinafrique.com/categorie/poules-lapins-et-pigeons","Poule Brahman herminé","Prix sur demande","Keur Massar, Sénégal","https://images.coinafrique.com/thumb_4369295_uploaded_image1_1694214443.jpg"
"1767042573-191","https://sn.coinafrique.com/categorie/poules-lapins-et-pigeons","Lapin","10 000CFA","Parcelle Assainies, Dakar, Sénégal","https://images.coinafrique.com/thumb_4368816_uploaded_image1_1694188598.jpg"
"1767042573-192","https://sn.coinafrique.com/categorie/poules-lapins-et-pigeons","Pigeons de race","350 000CFA","Cambérène, Dakar, Sénégal","https://images.coinafrique.com/thumb_4368566_uploaded_image1_1694179237.jpg"
"1767042573-193","https://sn.coinafrique.com/categorie/poules-lapins-et-pigeons","Lapin","Prix sur demande","Niaga, Sénégal","https://images.coinafrique.com/thumb_4359251_uploaded_image1_1693583547.jpg"
"1767042573-194","https://sn.coinafrique.com/categorie/poules-lapins-et-pigeons","Lapin   Papillon","90 000CFA","Rufisque, Sénégal","https://images.coinafrique.com/thumb_4347215_uploaded_image1_1692800912.jpg"
"1767042573-195","https://sn.coinafrique.com/categorie/poules-lapins-et-pigeons","Lapin","Prix sur demande","Niaga, Sénégal","https://images.coinafrique.com/thumb_4337665_uploaded_image1_1692197761.jpg"
"1767042573-196","https://sn.coinafrique.com/categorie/poules-lapins-et-pigeons","Lapin","Prix sur demande","Niaga, Sénégal","https://images.coinafrique.com/thumb_4337664_uploaded_image2_1692903389.jpeg"
"1767042573-197","https://sn.coinafrique.com/categorie/poules-lapins-et-pigeons","Lapins","Prix sur demande","Niaga, Sénégal","https://images.coinafrique.com/thumb_4336471_uploaded_image1_1692120444.jpg"
"1767042573-198","https://sn.coinafrique.com/categorie/poules-lapins-et-pigeons","Lapereaux","10 000CFA","Niaga, Sénégal","https://images.coinafrique.com/thumb_4333705_uploaded_image1_1691943760.jpg"
"1767042573-199","https://sn.coinafrique.com/categorie/poules-lapins-et-pigeons","Lapereaux","Prix sur demande","Niaga, Sénégal","https://images.coinafrique.com/thumb_4324644_uploaded_image1_1691345949.jpg"
"1767042573-200","https://sn.coinafrique.com/categorie/poules-lapins-et-pigeons","Poussins de chair","Prix sur demande","Dakar, Sénégal","https://images.coinafrique.com/thumb_4323837_uploaded_image1_1691274033.jpg"
"1767042573-201","https://sn.coinafrique.com/categorie/poules-lapins-et-pigeons","Lapin","40 000CFA","Niaga, Sénégal","https://images.coinafrique.com/thumb_4312499_uploaded_image1_1690566200.jpg"
"1767042573-202","https://sn.coinafrique.com/categorie/poules-lapins-et-pigeons","Poules","Prix sur demande","Thies, Sénégal","https://images.coinafrique.com/thumb_4302571_uploaded_image1_1689893299.jpg"
"1767042573-203","https://sn.coinafrique.com/categorie/poules-lapins-et-pigeons","Lapin","Prix sur demande","Niaga, Sénégal","https://images.coinafrique.com/thumb_4302356_uploaded_image1_1689878968.jpg"
"1767042573-204","https://sn.coinafrique.com/categorie/poules-lapins-et-pigeons","Lapin","15 000CFA","Ouakam, Dakar, Sénégal","https://images.coinafrique.com/thumb_4298076_uploaded_image1_1689619080.jpg"
"1767042573-205","https://sn.coinafrique.com/categorie/poules-lapins-et-pigeons","Lapin","80 000CFA","Dakar, Sénégal","https://images.coinafrique.com/thumb_4296184_uploaded_image1_1689472721.jpg"
"1767042573-206","https://sn.coinafrique.com/categorie/poules-lapins-et-pigeons","Poussins Brahmanes","30 000CFA","Rufisque, Sénégal","https://images.coinafrique.com/thumb_4290482_uploaded_image1_1689101216.jpg"
"1767042573-207","https://sn.coinafrique.com/categorie/poules-lapins-et-pigeons","Coq hermine","60 000CFA","Rufisque, Sénégal","https://images.coinafrique.com/thumb_4290479_uploaded_image1_1689101063.jpg"
"1767042573-208","https://sn.coinafrique.com/categorie/poules-lapins-et-pigeons","Lapin nain Loutre","30 000CFA","Ouakam, Dakar, Sénégal","https://images.coinafrique.com/thumb_4289564_uploaded_image1_1689066044.jpg"
"1767042573-209","https://sn.coinafrique.com/categorie/poules-lapins-et-pigeons","Poulets  bleu Holland","6 000CFA","Rufisque, Sénégal","https://images.coinafrique.com/thumb_4287658_uploaded_image1_1688923156.jpg"
"1767042573-210","https://sn.coinafrique.com/categorie/poules-lapins-et-pigeons","Pigeons","Prix sur demande","Dakar, Sénégal","https://images.coinafrique.com/thumb_4287413_uploaded_image1_1688907084.jpg"
"1767042573-211","https://sn.coinafrique.com/categorie/poules-lapins-et-pigeons","Lapins","Prix sur demande","Dakar, Sénégal","https://images.coinafrique.com/thumb_4287411_uploaded_image1_1688907003.jpg"
"1767042573-212","https://sn.coinafrique.com/categorie/poules-lapins-et-pigeons","Pigeon Messager","25 000CFA","Rufisque, Sénégal","https://images.coinafrique.com/thumb_4286623_uploaded_image1_1688830929.jpg"
"1767042573-213","https://sn.coinafrique.com/categorie/poules-lapins-et-pigeons","Poulets de chair","4 000CFA","Keur Massar, Sénégal","https://images.coinafrique.com/thumb_4283570_uploaded_image1_1688648209.jpg"
"1767042573-214","https://sn.coinafrique.com/categorie/poules-lapins-et-pigeons","Pigeon Boulan","15 000CFA","Louga, Sénégal","https://images.coinafrique.com/thumb_4277905_uploaded_image1_1688318584.jpg"
"1767042573-215","https://sn.coinafrique.com/categorie/poules-lapins-et-pigeons","Pigeon Boulan","45 000CFA","Louga, Sénégal","https://images.coinafrique.com/thumb_4277890_uploaded_image1_1688316619.jpg"
"1767042573-216","https://sn.coinafrique.com/categorie/poules-lapins-et-pigeons","Lapereaux","10 000CFA","Niaga, Sénégal","https://images.coinafrique.com/thumb_4268955_uploaded_image1_1687603560.jpg"
"1767042573-217","https://sn.coinafrique.com/categorie/poules-lapins-et-pigeons","Lapin","30 000CFA","Niaga, Sénégal","https://images.coinafrique.com/thumb_4268327_uploaded_image1_1687541319.jpg"
"1767042573-218","https://sn.coinafrique.com/categorie/poules-lapins-et-pigeons","Poule Bleu Hollandais","7 000CFA","Mbao, Dakar, Sénégal","https://images.coinafrique.com/thumb_4224766_uploaded_image3_1684691526.jpeg"
"1767042573-219","https://sn.coinafrique.com/categorie/poules-lapins-et-pigeons","Poussins cochin","7 500CFA","Pikine, Sénégal","https://images.coinafrique.com/thumb_4255246_uploaded_image1_1686680990.jpg"
"1767042573-220","https://sn.coinafrique.com/categorie/poules-lapins-et-pigeons","Lapines","Prix sur demande","Niaga, Sénégal","https://images.coinafrique.com/thumb_4249408_uploaded_image1_1686311889.jpg"
"1767042573-221","https://sn.coinafrique.com/categorie/poules-lapins-et-pigeons","Lapin californien","Prix sur demande","Saly, Sénégal","https://images.coinafrique.com/thumb_4248635_uploaded_image1_1686257041.jpg"
"1767042573-222","https://sn.coinafrique.com/categorie/poules-lapins-et-pigeons","Lapereaux","45 000CFA","Mariste, Dakar, Sénégal","https://images.coinafrique.com/thumb_4244917_uploaded_image1_1686063555.jpg"
"1767042573-223","https://sn.coinafrique.com/categorie/poules-lapins-et-pigeons","Poussins Brahmans","30 000CFA","Keur Massar, Sénégal","https://images.coinafrique.com/thumb_4243414_uploaded_image1_1685971475.jpg"
"1767042573-224","https://sn.coinafrique.com/categorie/poules-lapins-et-pigeons","Pigeons Mondains","50 000CFA","Dakar, Sénégal","https://images.coinafrique.com/thumb_4240446_uploaded_image1_1685727771.jpg"
"1767042573-225","https://sn.coinafrique.com/categorie/poules-lapins-et-pigeons","Lapine","Prix sur demande","Niaga, Sénégal","https://images.coinafrique.com/thumb_4235319_uploaded_image1_1685440928.jpg"
"1767042573-226","https://sn.coinafrique.com/categorie/poules-lapins-et-pigeons","Lapin Gris de Touraine","35 000CFA","Dakar, Sénégal","https://images.coinafrique.com/thumb_4230722_uploaded_image1_1685059185.jpg"
"1767042573-227","https://sn.coinafrique.com/categorie/poules-lapins-et-pigeons","Pigeon mondain brun","500 000CFA","Dakar, Sénégal","https://images.coinafrique.com/thumb_4230459_uploaded_image1_1685044108.jpg"
"1767042573-228","https://sn.coinafrique.com/categorie/poules-lapins-et-pigeons","Pigeon Tambour Allemand","50 000CFA","Dakar, Sénégal","https://images.coinafrique.com/thumb_4223933_uploaded_image1_1684609709.jpg"
"1767042573-229","https://sn.coinafrique.com/categorie/poules-lapins-et-pigeons","Pigeon voyageur","7 000CFA","Ouakam, Dakar, Sénégal","https://images.coinafrique.com/thumb_4222723_uploaded_image1_1684515810.jpg"
"1767042573-230","https://sn.coinafrique.com/categorie/poules-lapins-et-pigeons","Pigeon voyageur","7 000CFA","Ouakam, Dakar, Sénégal","https://images.coinafrique.com/thumb_4222721_uploaded_image1_1684515659.jpg"
"1767042573-231","https://sn.coinafrique.com/categorie/poules-lapins-et-pigeons","Poussins de chair - bleu hollandais","Prix sur demande","Dakar, Sénégal","https://images.coinafrique.com/thumb_4221943_uploaded_image2_1684477934.jpeg"
"1767042573-232","https://sn.coinafrique.com/categorie/poules-lapins-et-pigeons","Coq cochin","45 000CFA","Yoff, Dakar, Sénégal","https://images.coinafrique.com/thumb_4218824_uploaded_image1_1684270289.jpg"
"1767042573-233","https://sn.coinafrique.com/categorie/poules-lapins-et-pigeons","Poulets brahman herminés","135 000CFA","Dakar, Sénégal","https://images.coinafrique.com/thumb_4212808_uploaded_image1_1683879589.jpg"
"1767042573-234","https://sn.coinafrique.com/categorie/poules-lapins-et-pigeons","Couple lapins","Prix sur demande","Mbao, Dakar, Sénégal","https://images.coinafrique.com/thumb_4208070_uploaded_image1_1683583031.jpg"
"1767042573-235","https://sn.coinafrique.com/categorie/poules-lapins-et-pigeons","Lapin géant","50 000CFA","Niaga, Sénégal","https://images.coinafrique.com/thumb_4207913_uploaded_image1_1683574221.jpg"
"1767042573-236","https://sn.coinafrique.com/categorie/poules-lapins-et-pigeons","Poussins bleue Holland","35 000CFA","Cambérène, Dakar, Sénégal","https://images.coinafrique.com/thumb_4206875_uploaded_image1_1683511573.jpg"
"1767042573-237","https://sn.coinafrique.com/categorie/poules-lapins-et-pigeons","Cailleteaux","250CFA","Thies, Sénégal","https://images.coinafrique.com/thumb_4205412_uploaded_image1_1683385484.jpg"
"1767042573-238","https://sn.coinafrique.com/categorie/poules-lapins-et-pigeons","Pigeons manteau opale","6 000CFA","Mariste, Dakar, Sénégal","https://images.coinafrique.com/thumb_4202860_uploaded_image1_1683234964.jpg"
"1767042573-239","https://sn.coinafrique.com/categorie/poules-lapins-et-pigeons","Pigeon","20 000CFA","Gueule Tapée, Dakar, Sénégal","https://images.coinafrique.com/thumb_4198961_uploaded_image1_1683046102.jpg"
"1767042573-240","https://sn.coinafrique.com/categorie/poules-lapins-et-pigeons","Lapereau","15 000CFA","Mariste, Dakar, Sénégal","https://images.coinafrique.com/thumb_4195833_uploaded_image3_1682867699.jpeg"
"1767042573-241","https://sn.coinafrique.com/categorie/poules-lapins-et-pigeons","Lapin metisage","Prix sur demande","Mariste, Dakar, Sénégal","https://images.coinafrique.com/thumb_4194884_uploaded_image1_1682776235.jpg"
"1767042573-242","https://sn.coinafrique.com/categorie/poules-lapins-et-pigeons","Pigeon Texan","70 000CFA","Mbour, Sénégal","https://images.coinafrique.com/thumb_4193114_uploaded_image1_1682634328.jpg"
"1767042573-243","https://sn.coinafrique.com/categorie/poules-lapins-et-pigeons","Pigeon Padda de java","20 000CFA","Point E, Dakar, Sénégal","https://images.coinafrique.com/thumb_4191356_uploaded_image1_1682522033.jpg"
"1767042573-244","https://sn.coinafrique.com/categorie/poules-lapins-et-pigeons","Poussins","35 000CFA","Cambérène, Dakar, Sénégal","https://images.coinafrique.com/thumb_4186084_uploaded_image1_1682139045.jpg"
"1767042573-245","https://sn.coinafrique.com/categorie/poules-lapins-et-pigeons","Pigeon Boulant de poméranie","20 000CFA","Mariste, Dakar, Sénégal","https://images.coinafrique.com/thumb_4178981_uploaded_image1_1681650331.jpg"
"1767042573-246","https://sn.coinafrique.com/categorie/poules-lapins-et-pigeons","Pigeon Boulant de poméranie","13 000CFA","Mariste, Dakar, Sénégal","https://images.coinafrique.com/thumb_4178980_uploaded_image1_1681650252.jpg"
"1767042573-247","https://sn.coinafrique.com/categorie/poules-lapins-et-pigeons","Pigeons Lahore","15 000CFA","Dakar, Sénégal","https://images.coinafrique.com/thumb_4177942_uploaded_image1_1681563067.jpg"
"1767042573-248","https://sn.coinafrique.com/categorie/poules-lapins-et-pigeons","Poulet de chair","3 500CFA","Cambérène, Dakar, Sénégal","https://images.coinafrique.com/thumb_4172814_uploaded_image1_1681236734.jpg"
"1767042573-249","https://sn.coinafrique.com/categorie/poules-lapins-et-pigeons","Poule hollandais","8 000CFA","Touba, Sénégal","https://images.coinafrique.com/thumb_4170233_uploaded_image2_1681079258.jpeg"
"1767042573-250","https://sn.coinafrique.com/categorie/poules-lapins-et-pigeons","Pigeons","150 000CFA","Thies, Sénégal","https://images.coinafrique.com/thumb_4167601_uploaded_image1_1680885984.jpg"
"1767042573-251","https://sn.coinafrique.com/categorie/poules-lapins-et-pigeons","Pigeons voyageurs","15 000CFA","Thies, Sénégal","https://images.coinafrique.com/thumb_4167567_uploaded_image1_1680885294.jpg"
"1767042573-252","https://sn.coinafrique.com/categorie/poules-lapins-et-pigeons","Pigeons voyageurs  manteau","15 000CFA","Thies, Sénégal","https://images.coinafrique.com/thumb_4167562_uploaded_image1_1680885216.jpg"
"1767042573-253","https://sn.coinafrique.com/categorie/poules-lapins-et-pigeons","Pigeons frisés milanais","200 000CFA","Cambérène, Dakar, Sénégal","https://images.coinafrique.com/thumb_4165971_uploaded_image1_1680795516.jpg"
"1767042573-254","https://sn.coinafrique.com/categorie/poules-lapins-et-pigeons","Couple pigeon","10 000CFA","Mariste, Dakar, Sénégal","https://images.coinafrique.com/thumb_4159080_uploaded_image1_1680434202.jpg"
"1767042573-255","https://sn.coinafrique.com/categorie/poules-lapins-et-pigeons","Pigeons","Prix sur demande","Thies, Sénégal","https://images.coinafrique.com/thumb_4158780_uploaded_image1_1680397009.jpg"
"1767042573-256","https://sn.coinafrique.com/categorie/poules-lapins-et-pigeons","Pigeons paons indiens","35 000CFA","Mariste, Dakar, Sénégal","https://images.coinafrique.com/thumb_4155195_uploaded_image1_1680182497.jpg"
"1767042573-257","https://sn.coinafrique.com/categorie/poules-lapins-et-pigeons","Poussins Inde","4 000CFA","Thies, Sénégal","https://images.coinafrique.com/thumb_4148722_uploaded_image1_1679757295.jpg"
"1767042573-258","https://sn.coinafrique.com/categorie/poules-lapins-et-pigeons","Lapereaux","10 000CFA","Niaga, Sénégal","https://images.coinafrique.com/thumb_4145983_uploaded_image1_1679578952.jpg"
"1767042573-259","https://sn.coinafrique.com/categorie/poules-lapins-et-pigeons","Lapereau géant fauve","25 000CFA","Niaga, Sénégal","https://images.coinafrique.com/thumb_4134335_uploaded_image1_1678820167.jpg"
"1767042573-260","https://sn.coinafrique.com/categorie/poules-lapins-et-pigeons","Pigeons texans","15 000CFA","Cambérène, Dakar, Sénégal","https://images.coinafrique.com/thumb_4134077_uploaded_image1_1678808506.jpg"
"1767042573-261","https://sn.coinafrique.com/categorie/poules-lapins-et-pigeons","Pigeon  Paon Indien","55 000CFA","Mariste, Dakar, Sénégal","https://images.coinafrique.com/thumb_4133025_uploaded_image1_1678744597.jpg"
"1767042573-262","https://sn.coinafrique.com/categorie/poules-lapins-et-pigeons","Pigeons Diamant Mandarin","30 000CFA","Point E, Dakar, Sénégal","https://images.coinafrique.com/thumb_4130101_uploaded_image1_1678546170.jpg"
"1767042573-263","https://sn.coinafrique.com/categorie/poules-lapins-et-pigeons","Lapin","15 000CFA","Niaga, Sénégal","https://images.coinafrique.com/thumb_4125350_uploaded_image1_1678282298.jpg"
"1767042573-264","https://sn.coinafrique.com/categorie/poules-lapins-et-pigeons","Lapereaux","10 000CFA","Niaga, Sénégal","https://images.coinafrique.com/thumb_4123300_uploaded_image1_1678175207.jpg"
"1767042573-265","https://sn.coinafrique.com/categorie/poules-lapins-et-pigeons","Coq Brahman","70 000CFA","Mbao, Dakar, Sénégal","https://images.coinafrique.com/thumb_4119858_uploaded_image1_1677937311.jpg"
"1767042573-266","https://sn.coinafrique.com/categorie/poules-lapins-et-pigeons","Pigeon  Mondains","100 000CFA","Cambérène, Dakar, Sénégal","https://images.coinafrique.com/thumb_4111710_uploaded_image1_1677517472.jpg"
"1767042573-267","https://sn.coinafrique.com/categorie/poules-lapins-et-pigeons","Pigeons  voyageurs à manteau","50 000CFA","Cambérène, Dakar, Sénégal","https://images.coinafrique.com/thumb_4111707_uploaded_image1_1677517375.jpg"
"1767042573-268","https://sn.coinafrique.com/categorie/poules-lapins-et-pigeons","Coq  Brahman","43 000CFA","Mbao, Dakar, Sénégal","https://images.coinafrique.com/thumb_4107161_uploaded_image1_1677172109.jpg"
"1767042573-269","https://sn.coinafrique.com/categorie/poules-lapins-et-pigeons","Poulet","5 000CFA","Dakar, Sénégal","https://images.coinafrique.com/thumb_4099353_uploaded_image1_1676660089.jpg"
"1767042573-270","https://sn.coinafrique.com/categorie/poules-lapins-et-pigeons","Poulet","5 000CFA","Dakar, Sénégal","https://images.coinafrique.com/thumb_4099352_uploaded_image1_1676659955.jpg"
"1767042573-271","https://sn.coinafrique.com/categorie/poules-lapins-et-pigeons","Poussins cou nu","2 500CFA","Mbao, Dakar, Sénégal","https://images.coinafrique.com/thumb_4098076_uploaded_image1_1676582659.jpg"
"1767042573-272","https://sn.coinafrique.com/categorie/poules-lapins-et-pigeons","Lapin papillon","30 000CFA","Dakar, Sénégal","https://images.coinafrique.com/thumb_4097932_uploaded_image1_1676574876.jpg"
"1767042573-273","https://sn.coinafrique.com/categorie/poules-lapins-et-pigeons","Lapin femelle Angora","20 000CFA","Niaga, Sénégal","https://images.coinafrique.com/thumb_4088341_uploaded_image1_1675964415.jpg"
"1767042573-274","https://sn.coinafrique.com/categorie/poules-lapins-et-pigeons","Lapin","15 000CFA","Rufisque, Sénégal","https://images.coinafrique.com/thumb_4069804_uploaded_image1_1675001928.jpg"
"1767042573-275","https://sn.coinafrique.com/categorie/poules-lapins-et-pigeons","Lapin Angora","25 000CFA","Niaga, Sénégal","https://images.coinafrique.com/thumb_4062470_uploaded_image1_1674512420.jpg"
"1767042573-276","https://sn.coinafrique.com/categorie/poules-lapins-et-pigeons","Lapin nain tête de lion","25 000CFA","Mermoz-Sacré Coeur, Dakar, Sénégal","https://images.coinafrique.com/thumb_4060697_uploaded_image1_1674397870.jpg"
"1767042573-277","https://sn.coinafrique.com/categorie/poules-lapins-et-pigeons","Poules pondeuses","Prix sur demande","Thies, Sénégal","https://images.coinafrique.com/thumb_4055238_uploaded_image2_1674047643.jpeg"
"1767042573-278","https://sn.coinafrique.com/categorie/poules-lapins-et-pigeons","Lapereau Angora","10 000CFA","Niaga, Sénégal","https://images.coinafrique.com/thumb_4054751_uploaded_image1_1674032700.jpg"
"1767042573-279","https://sn.coinafrique.com/categorie/poules-lapins-et-pigeons","Lapereaux","20 000CFA","Mariste, Dakar, Sénégal","https://images.coinafrique.com/thumb_4052032_uploaded_image1_1673874541.jpg"
"1767042573-280","https://sn.coinafrique.com/categorie/poules-lapins-et-pigeons","Coq Chochin","95 000CFA","Parcelle Assainies, Dakar, Sénégal","https://images.coinafrique.com/thumb_4050293_uploaded_image1_1673730559.jpg"
"1767042573-281","https://sn.coinafrique.com/categorie/poules-lapins-et-pigeons","Couple   Braman Cochin","95 000CFA","Parcelle Assainies, Dakar, Sénégal","https://images.coinafrique.com/thumb_4050206_uploaded_image1_1673726092.jpg"
"1767042573-282","https://sn.coinafrique.com/categorie/poules-lapins-et-pigeons","Poulet Braman cochin","950 000CFA","Parcelle Assainies, Dakar, Sénégal","https://images.coinafrique.com/thumb_4050193_uploaded_image1_1673725687.jpg"
"1767042573-283","https://sn.coinafrique.com/categorie/poules-lapins-et-pigeons","Poulets de chairs","4 000CFA","Ziguinchor, Sénégal","https://images.coinafrique.com/thumb_4044027_uploaded_image1_1673388793.jpg"
"1767042573-284","https://sn.coinafrique.com/categorie/poules-lapins-et-pigeons","Poussins de chair","35 000CFA","Dakar, Sénégal","https://images.coinafrique.com/thumb_4041126_uploaded_image1_1673258391.jpg"
"1767042573-285","https://sn.coinafrique.com/categorie/poules-lapins-et-pigeons","Couple angoura","30 000CFA","Cambérène, Dakar, Sénégal","https://images.coinafrique.com/thumb_4036533_uploaded_image1_1672950565.jpg"
"1767042573-286","https://sn.coinafrique.com/categorie/poules-lapins-et-pigeons","Couple pigeons voyageurs","12 000CFA","Cambérène, Dakar, Sénégal","https://images.coinafrique.com/thumb_4034954_uploaded_image1_1672875776.jpg"
"1767042573-287","https://sn.coinafrique.com/categorie/poules-lapins-et-pigeons","Couple voyageur blanc","15 000CFA","Cambérène, Dakar, Sénégal","https://images.coinafrique.com/thumb_4034942_uploaded_image1_1672874900.jpg"
"1767042573-288","https://sn.coinafrique.com/categorie/poules-lapins-et-pigeons","Perruches anglaise - couple","50 000CFA","Dieuppeul-Derklé, Dakar, Sénégal","https://images.coinafrique.com/thumb_4033120_uploaded_image1_1672788351.jpg"
"1767042573-289","https://sn.coinafrique.com/categorie/poules-lapins-et-pigeons","Perruche ondulée","20 000CFA","Dakar, Sénégal","https://images.coinafrique.com/thumb_4033032_uploaded_image1_1672783609.jpg"
"1767042573-290","https://sn.coinafrique.com/categorie/poules-lapins-et-pigeons","Coq Cochin","50 000CFA","Dakar, Sénégal","https://images.coinafrique.com/thumb_4030997_uploaded_image1_1672682387.jpg"
"1767042573-291","https://sn.coinafrique.com/categorie/poules-lapins-et-pigeons","Coq cochin","50 000CFA","Dakar, Sénégal","https://images.coinafrique.com/thumb_4030993_uploaded_image1_1672682272.jpg"
"1767042573-292","https://sn.coinafrique.com/categorie/poules-lapins-et-pigeons","Poulet de chair","3 500CFA","Rufisque, Sénégal","https://images.coinafrique.com/thumb_4028864_uploaded_image2_1672481470.jpeg"
"1767042573-293","https://sn.coinafrique.com/categorie/poules-lapins-et-pigeons","Poulets de chair","3 000CFA","Dakar, Sénégal","https://images.coinafrique.com/thumb_4021629_uploaded_image1_1671880183.jpg"
"1767042573-294","https://sn.coinafrique.com/categorie/poules-lapins-et-pigeons","Couple texan","40 000CFA","Thies, Sénégal","https://images.coinafrique.com/thumb_4021335_uploaded_image1_1671837753.jpg"
"1767042573-295","https://sn.coinafrique.com/categorie/poules-lapins-et-pigeons","Couple mondain","90 000CFA","Thies, Sénégal","https://images.coinafrique.com/thumb_4021333_uploaded_image1_1671837659.jpg"
"1767042573-296","https://sn.coinafrique.com/categorie/poules-lapins-et-pigeons","Couple pigeons","14 000CFA","Mariste, Dakar, Sénégal","https://images.coinafrique.com/thumb_4019501_uploaded_image1_1671719532.jpg"
"1767042573-297","https://sn.coinafrique.com/categorie/poules-lapins-et-pigeons","Pigeon","50 000CFA","Kaolack, Sénégal","https://images.coinafrique.com/thumb_4013190_uploaded_image1_1671298740.jpg"
"1767042573-298","https://sn.coinafrique.com/categorie/poules-lapins-et-pigeons","Lapins","30 000CFA","Touba, Sénégal","https://images.coinafrique.com/thumb_4012180_uploaded_image1_1671225603.jpg"
"1767042573-299","https://sn.coinafrique.com/categorie/poules-lapins-et-pigeons","Poules","35 000CFA","Touba, Sénégal","https://images.coinafrique.com/thumb_4012177_uploaded_image3_1671225532.jpeg"
"1767042573-300","https://sn.coinafrique.com/categorie/poules-lapins-et-pigeons","Pigeons","12 000CFA","Mbour, Sénégal","https://images.coinafrique.com/thumb_4009110_uploaded_image1_1671058199.jpg"
"1767042573-301","https://sn.coinafrique.com/categorie/poules-lapins-et-pigeons","Couple Brahma","Prix sur demande","Yoff, Dakar, Sénégal","https://images.coinafrique.com/thumb_4005445_uploaded_image1_1670854767.jpg"
"1767042573-302","https://sn.coinafrique.com/categorie/poules-lapins-et-pigeons","Pigeon français","25 000CFA","Sicap Liberté, Dakar, Sénégal","https://images.coinafrique.com/thumb_3999035_uploaded_image1_1670454354.jpg"
"1767042573-303","https://sn.coinafrique.com/categorie/poules-lapins-et-pigeons","Coq mal cochain","65 000CFA","Mbour, Sénégal","https://images.coinafrique.com/thumb_3990507_uploaded_image1_1669994795.jpg"
"1767042573-304","https://sn.coinafrique.com/categorie/poules-lapins-et-pigeons","Pigeons","80 000CFA","Cambérène, Dakar, Sénégal","https://images.coinafrique.com/thumb_3989311_uploaded_image1_1669935034.jpg"
"1767042573-305","https://sn.coinafrique.com/categorie/poules-lapins-et-pigeons","Pigeon Mondain","85 000CFA","Mbour, Sénégal","https://images.coinafrique.com/thumb_3986519_uploaded_image1_1669815997.jpg"
"1767042573-306","https://sn.coinafrique.com/categorie/poules-lapins-et-pigeons","Mâle Brahma","20 000CFA","Parcelle Assainies, Dakar, Sénégal","https://images.coinafrique.com/thumb_3983729_uploaded_image1_1669650251.jpg"
"1767042573-307","https://sn.coinafrique.com/categorie/poules-lapins-et-pigeons","Poussin bleu holande","30 000CFA","Dakar, Sénégal","https://images.coinafrique.com/thumb_3981130_uploaded_image1_1669460038.jpg"
"1767042573-308","https://sn.coinafrique.com/categorie/poules-lapins-et-pigeons","Poussin dinde chair","3 000CFA","Dakar, Sénégal","https://images.coinafrique.com/thumb_3981127_uploaded_image1_1669459933.jpg"
"1767042573-309","https://sn.coinafrique.com/categorie/poules-lapins-et-pigeons","Pigeons Pan Indien","30 000CFA","Mbao, Dakar, Sénégal","https://images.coinafrique.com/thumb_3958692_uploaded_image1_1668044083.jpg"
"1767042573-310","https://sn.coinafrique.com/categorie/poules-lapins-et-pigeons","Poussins","30 000CFA","Touba, Sénégal","https://images.coinafrique.com/thumb_3956250_uploaded_image1_1667916487.jpg"
"1767042573-311","https://sn.coinafrique.com/categorie/poules-lapins-et-pigeons","Coq choie & bramane","50 000CFA","Tambacounda, Sénégal","https://images.coinafrique.com/thumb_3956033_uploaded_image1_1667909977.jpg"
"1767042573-312","https://sn.coinafrique.com/categorie/poules-lapins-et-pigeons","Paire Brahma","80 000CFA","Dakar, Sénégal","https://images.coinafrique.com/thumb_3941235_uploaded_image1_1667077382.jpg"
"1767042573-313","https://sn.coinafrique.com/categorie/poules-lapins-et-pigeons","Lapin","25 000CFA","Hann Bel-Air, Dakar, Sénégal","https://images.coinafrique.com/thumb_3937288_uploaded_image1_1666813728.jpg"
"1767042573-314","https://sn.coinafrique.com/categorie/poules-lapins-et-pigeons","Lapin male Fauve","65 000CFA","Mbour, Sénégal","https://images.coinafrique.com/thumb_3934536_uploaded_image1_1666646311.jpg"
"1767042573-315","https://sn.coinafrique.com/categorie/poules-lapins-et-pigeons","Pigeons","Prix sur demande","Dakar, Sénégal","https://images.coinafrique.com/thumb_3916214_uploaded_image1_1665526226.jpg"
"1767042573-316","https://sn.coinafrique.com/categorie/poules-lapins-et-pigeons","Lapin mâle engoura","20 000CFA","Hann Bel-Air, Dakar, Sénégal","https://images.coinafrique.com/thumb_3911550_uploaded_image1_1665233894.jpg"
"1767042573-317","https://sn.coinafrique.com/categorie/poules-lapins-et-pigeons","Pigeon","10 000CFA","Hann Bel-Air, Dakar, Sénégal","https://images.coinafrique.com/thumb_3911548_uploaded_image1_1665233800.jpg"
"1767042573-318","https://sn.coinafrique.com/categorie/poules-lapins-et-pigeons","Poussins de caille","500CFA","Keur Massar, Sénégal","https://images.coinafrique.com/thumb_3882380_uploaded_image1_1663498641.jpg"
"1767042573-319","https://sn.coinafrique.com/categorie/poules-lapins-et-pigeons","Bleues d’Hollandes","15 000CFA","Mbao, Dakar, Sénégal","https://images.coinafrique.com/thumb_3879030_uploaded_image1_1663241521.jpg"
"1767042573-320","https://sn.coinafrique.com/categorie/poules-lapins-et-pigeons","Poussins Bleues Hollandaises","1 500CFA","Mbao, Dakar, Sénégal","https://images.coinafrique.com/thumb_3879015_uploaded_image1_1663241115.jpg"
"1767042573-321","https://sn.coinafrique.com/categorie/poules-lapins-et-pigeons","Poulet chair","4 000CFA","Guediawaye, Dakar, Sénégal","https://images.coinafrique.com/thumb_3869035_uploaded_image1_1662638536.jpg"
"1767042573-322","https://sn.coinafrique.com/categorie/poules-lapins-et-pigeons","Brahmans Herminé et Cochins","Prix sur demande","Keur Massar, Sénégal","https://images.coinafrique.com/thumb_3868279_uploaded_image1_1662589600.jpg"
"1767042573-323","https://sn.coinafrique.com/categorie/poules-lapins-et-pigeons","Poussin pintade","1 500CFA","Parcelle Assainies, Dakar, Sénégal","https://images.coinafrique.com/thumb_3859176_uploaded_image1_1662124807.jpg"
"1767042573-324","https://sn.coinafrique.com/categorie/poules-lapins-et-pigeons","Pigeon","3 000CFA","Grand Yoff, Dakar, Sénégal","https://images.coinafrique.com/thumb_3856165_uploaded_image1_1662024131.jpg"
"1767042573-325","https://sn.coinafrique.com/categorie/poules-lapins-et-pigeons","Pigeon voyageur","7 000CFA","Grand Yoff, Dakar, Sénégal","https://images.coinafrique.com/thumb_3856160_uploaded_image1_1662023975.jpg"
"1767042573-326","https://sn.coinafrique.com/categorie/poules-lapins-et-pigeons","Diamant Mandarin Huppé","Prix sur demande","Point E, Dakar, Sénégal","https://images.coinafrique.com/thumb_3841798_uploaded_image1_1661198573.jpg"
"1767042573-327","https://sn.coinafrique.com/categorie/poules-lapins-et-pigeons","Pigeons voyageurs","2 000CFA","Dakar Plateau, Dakar, Sénégal","https://images.coinafrique.com/thumb_3829942_uploaded_image1_1660489290.jpg"
"1767042573-328","https://sn.coinafrique.com/categorie/poules-lapins-et-pigeons","Poulets","Prix sur demande","Niaga, Sénégal","https://images.coinafrique.com/thumb_3820532_uploaded_image1_1659963344.jpg"
"1767042573-329","https://sn.coinafrique.com/categorie/poules-lapins-et-pigeons","Poulet de chair","3 000CFA","Mariste, Dakar, Sénégal","https://images.coinafrique.com/thumb_3820323_uploaded_image1_1659956851.jpg"
"1767042573-330","https://sn.coinafrique.com/categorie/poules-lapins-et-pigeons","Pigeons portugais espagnols","20 000CFA","Dakar, Sénégal","https://images.coinafrique.com/thumb_3818868_uploaded_image1_1659851735.jpg"
"1767042573-331","https://sn.coinafrique.com/categorie/poules-lapins-et-pigeons","Pigeons espagnols","10 000CFA","Dakar, Sénégal","https://images.coinafrique.com/thumb_3818867_uploaded_image1_1659851278.jpg"
"1767042573-332","https://sn.coinafrique.com/categorie/poules-lapins-et-pigeons","Poulets","Prix sur demande","Niaga, Sénégal","https://images.coinafrique.com/thumb_3818707_uploaded_image1_1659828045.jpg"
"1767042573-333","https://sn.coinafrique.com/categorie/poules-lapins-et-pigeons","Pigeon Opal","Prix sur demande","Saly, Sénégal","https://images.coinafrique.com/thumb_3817370_uploaded_image1_1659739915.jpg"
"1767042573-334","https://sn.coinafrique.com/categorie/poules-lapins-et-pigeons","Poulet de chair","3 000CFA","HLM, Dakar, Sénégal","https://images.coinafrique.com/thumb_3812639_uploaded_image1_1659524524.jpg"
"1767042573-335","https://sn.coinafrique.com/categorie/poules-lapins-et-pigeons","Poulets","3 500CFA","Dakar, Sénégal","https://images.coinafrique.com/thumb_3809817_uploaded_image1_1659394489.jpg"
"1767042573-336","https://sn.coinafrique.com/categorie/poules-lapins-et-pigeons","Femelle herminé pur sang","45 000CFA","Dakar, Sénégal","https://images.coinafrique.com/thumb_3807013_uploaded_image1_1659264761.jpg"
"1767042573-337","https://sn.coinafrique.com/categorie/poules-lapins-et-pigeons","Poule Brahman","60 000CFA","Dakar, Sénégal","https://images.coinafrique.com/thumb_3803369_uploaded_image1_1659011427.jpg"
"1767042573-338","https://sn.coinafrique.com/categorie/poules-lapins-et-pigeons","Poule Brahma","110 000CFA","Dakar, Sénégal","https://images.coinafrique.com/thumb_3803358_uploaded_image2_1659010838.jpeg"
"1767042573-339","https://sn.coinafrique.com/categorie/poules-lapins-et-pigeons","Femelles Manteau Opal","35 000CFA","Cambérène, Dakar, Sénégal","https://images.coinafrique.com/thumb_3802372_uploaded_image1_1658943727.jpg"
"1767042573-340","https://sn.coinafrique.com/categorie/poules-lapins-et-pigeons","Poules","2 800CFA","Dakar, Sénégal","https://images.coinafrique.com/thumb_3799302_uploaded_image1_1658780673.jpg"
"1767042573-341","https://sn.coinafrique.com/categorie/poules-lapins-et-pigeons","Lapin nain","60 000CFA","Dakar Plateau, Dakar, Sénégal","https://images.coinafrique.com/thumb_3795801_uploaded_image1_1658525928.jpg"
"1767042573-342","https://sn.coinafrique.com/categorie/poules-lapins-et-pigeons","Poulet d'ornement","Prix sur demande","Rufisque, Sénégal","https://images.coinafrique.com/thumb_3795149_uploaded_image1_1658494666.jpg"
"1767042573-343","https://sn.coinafrique.com/categorie/poules-lapins-et-pigeons","Poulets frais","3 500CFA","HLM, Dakar, Sénégal","https://images.coinafrique.com/thumb_3749412_uploaded_image1_1655656513.jpg"
"1767042573-344","https://sn.coinafrique.com/categorie/poules-lapins-et-pigeons","Poulets Hollande","6 000CFA","Parcelle Assainies, Dakar, Sénégal","https://images.coinafrique.com/thumb_3788366_uploaded_image1_1658082013.jpg"
"1767042573-345","https://sn.coinafrique.com/categorie/poules-lapins-et-pigeons","Couple lapin nain","60 000CFA","Dakar, Sénégal","https://images.coinafrique.com/thumb_3779800_uploaded_image1_1657474190.jpg"
"1767042573-346","https://sn.coinafrique.com/categorie/poules-lapins-et-pigeons","Lapins","15 000CFA","Diamniadio, Sénégal","https://images.coinafrique.com/thumb_3778360_uploaded_image1_1657315361.jpg"
"1767042573-347","https://sn.coinafrique.com/categorie/poules-lapins-et-pigeons","Lapin","20 000CFA","Keur Massar, Sénégal","https://images.coinafrique.com/thumb_3762877_uploaded_image1_1656485681.jpg"
"1767042573-348","https://sn.coinafrique.com/categorie/poules-lapins-et-pigeons","Lapins nain","30 000CFA","Parcelle Assainies, Dakar, Sénégal","https://images.coinafrique.com/thumb_3756850_uploaded_image1_1656080564.jpg"
"1767042573-349","https://sn.coinafrique.com/categorie/poules-lapins-et-pigeons","Poussins chair","28 000CFA","Yoff, Dakar, Sénégal","https://images.coinafrique.com/thumb_3756839_uploaded_image1_1656080074.jpg"
"1767042573-350","https://sn.coinafrique.com/categorie/poules-lapins-et-pigeons","Poussins Cochins","Prix sur demande","Rufisque, Sénégal","https://images.coinafrique.com/thumb_3738020_uploaded_image1_1654981855.jpg"
"1767042573-351","https://sn.coinafrique.com/categorie/poules-lapins-et-pigeons","Pigeons voyageurs","Prix sur demande","Rufisque, Sénégal","https://images.coinafrique.com/thumb_3726420_uploaded_image1_1654342685.jpg"
"1767042573-352","https://sn.coinafrique.com/categorie/poules-lapins-et-pigeons","Coq Brahmane","45 000CFA","Louga, Sénégal","https://images.coinafrique.com/thumb_3725108_uploaded_image1_1654262429.jpg"
"1767042573-353","https://sn.coinafrique.com/categorie/poules-lapins-et-pigeons","Poulet de chair","2 500CFA","Niaga, Sénégal","https://images.coinafrique.com/thumb_3719067_uploaded_image1_1654006894.jpg"
"1767042573-354","https://sn.coinafrique.com/categorie/poules-lapins-et-pigeons","Poussins","Prix sur demande","Diamniadio, Sénégal","https://images.coinafrique.com/thumb_3717493_uploaded_image1_1653911809.jpg"
"1767042573-355","https://sn.coinafrique.com/categorie/poules-lapins-et-pigeons","Poussins","27 500CFA","Rufisque, Sénégal","https://images.coinafrique.com/thumb_3713086_uploaded_image1_1653586071.jpg"
"1767042573-356","https://sn.coinafrique.com/categorie/poules-lapins-et-pigeons","Poussins 1 jour","25 000CFA","Keur Massar, Sénégal","https://images.coinafrique.com/thumb_3712620_uploaded_image1_1653566057.jpg"
"1767042573-357","https://sn.coinafrique.com/categorie/poules-lapins-et-pigeons","Poule","Prix sur demande","Parcelle Assainies, Dakar, Sénégal","https://images.coinafrique.com/thumb_3707531_uploaded_image1_1653273003.jpg"
"1767042573-358","https://sn.coinafrique.com/categorie/poules-lapins-et-pigeons","Coq Brahma","50 000CFA","Rufisque, Sénégal","https://images.coinafrique.com/thumb_3701284_uploaded_image1_1652878050.jpg"
"1767042573-359","https://sn.coinafrique.com/categorie/poules-lapins-et-pigeons","Poule Brahmâ","20 000CFA","Rufisque, Sénégal","https://images.coinafrique.com/thumb_3701283_uploaded_image1_1652877907.jpg"
"1767042573-360","https://sn.coinafrique.com/categorie/poules-lapins-et-pigeons","Pigeons","Prix sur demande","Niaga, Sénégal","https://images.coinafrique.com/thumb_3694574_uploaded_image1_1652451578.jpg"
"1767042573-361","https://sn.coinafrique.com/categorie/poules-lapins-et-pigeons","Pigeons","Prix sur demande","Cambérène, Dakar, Sénégal","https://images.coinafrique.com/thumb_3689928_uploaded_image1_1652202348.jpg"
"1767042573-362","https://sn.coinafrique.com/categorie/poules-lapins-et-pigeons","Lapin couple","65 000CFA","Dakar Plateau, Dakar, Sénégal","https://images.coinafrique.com/thumb_3680760_uploaded_image1_1651680730.jpg"
"1767042573-363","https://sn.coinafrique.com/categorie/poules-lapins-et-pigeons","Poule couple brahman","50 000CFA","Saint Louis, Sénégal","https://images.coinafrique.com/thumb_3680687_uploaded_image1_1651677884.jpg"
"1767042573-364","https://sn.coinafrique.com/categorie/poules-lapins-et-pigeons","Poussin","Prix sur demande","Parcelle Assainies, Dakar, Sénégal","https://images.coinafrique.com/thumb_3679061_uploaded_image1_1651594437.jpg"
"1767042573-365","https://sn.coinafrique.com/categorie/poules-lapins-et-pigeons","Couple poules Bantam","80 000CFA","Guediawaye, Dakar, Sénégal","https://images.coinafrique.com/thumb_3678837_uploaded_image1_1651584122.jpg"
"1767042573-366","https://sn.coinafrique.com/categorie/poules-lapins-et-pigeons","Pigeons","50 000CFA","Cambérène, Dakar, Sénégal","https://images.coinafrique.com/thumb_3675341_uploaded_image1_1651328468.jpg"
"1767042573-367","https://sn.coinafrique.com/categorie/poules-lapins-et-pigeons","Coq Brahma Perdrix","35 000CFA","Mboro, Sénégal","https://images.coinafrique.com/thumb_3671744_uploaded_image1_1651068700.jpg"
"1767042573-368","https://sn.coinafrique.com/categorie/poules-lapins-et-pigeons","Cochin femelle frisé","40 000CFA","Mboro, Sénégal","https://images.coinafrique.com/thumb_3671735_uploaded_image1_1651068448.jpg"
"1767042573-369","https://sn.coinafrique.com/categorie/poules-lapins-et-pigeons","Pigeon dragon","20 000CFA","Mariste, Dakar, Sénégal","https://images.coinafrique.com/thumb_3671452_uploaded_image1_1651059347.jpg"
"1767042573-370","https://sn.coinafrique.com/categorie/poules-lapins-et-pigeons","Pigeons","Prix sur demande","Rufisque, Sénégal","https://images.coinafrique.com/thumb_3669432_uploaded_image1_1650934782.jpg"
"1767042573-371","https://sn.coinafrique.com/categorie/poules-lapins-et-pigeons","Lapereaux","30 000CFA","Mbao, Dakar, Sénégal","https://images.coinafrique.com/thumb_3665205_uploaded_image1_1650639265.jpg"
"1767042573-372","https://sn.coinafrique.com/categorie/poules-lapins-et-pigeons","Eclosion - 16000 poussins","Prix sur demande","Dakar, Sénégal","https://images.coinafrique.com/thumb_3664153_uploaded_image1_1650570771.jpg"
"1767042573-373","https://sn.coinafrique.com/categorie/poules-lapins-et-pigeons","Poule","Prix sur demande","Parcelle Assainies, Dakar, Sénégal","https://images.coinafrique.com/thumb_3663076_uploaded_image1_1650514068.jpg"
"1767042573-374","https://sn.coinafrique.com/categorie/poules-lapins-et-pigeons","Pigeons","Prix sur demande","Mbour, Sénégal","https://images.coinafrique.com/thumb_3659941_uploaded_image1_1650357667.jpg"
"1767042573-375","https://sn.coinafrique.com/categorie/poules-lapins-et-pigeons","Pigeon","Prix sur demande","Mbour, Sénégal","https://images.coinafrique.com/thumb_3659931_uploaded_image1_1650357026.jpg"
"1767042573-376","https://sn.coinafrique.com/categorie/poules-lapins-et-pigeons","Pigeon voyageur","Prix sur demande","Mbour, Sénégal","https://images.coinafrique.com/thumb_3659922_uploaded_image1_1650356719.jpg"
"1767042573-377","https://sn.coinafrique.com/categorie/poules-lapins-et-pigeons","Poussins","Prix sur demande","Parcelle Assainies, Dakar, Sénégal","https://images.coinafrique.com/thumb_3658331_uploaded_image1_1650244788.jpg"
"1767042573-378","https://sn.coinafrique.com/categorie/poules-lapins-et-pigeons","Lapins","15 000CFA","Hann Bel-Air, Dakar, Sénégal","https://images.coinafrique.com/thumb_3624677_uploaded_image1_1648325393.jpg"
"1767042573-379","https://sn.coinafrique.com/categorie/poules-lapins-et-pigeons","Oiseaux","80 000CFA","Yoff, Dakar, Sénégal","https://images.coinafrique.com/thumb_3620766_uploaded_image1_1648057839.jpg"
"1767042573-380","https://sn.coinafrique.com/categorie/poules-lapins-et-pigeons","Pigeons","Prix sur demande","Bambey, Sénégal","https://images.coinafrique.com/thumb_3610036_uploaded_image1_1647364331.jpg"
"1767042573-381","https://sn.coinafrique.com/categorie/poules-lapins-et-pigeons","Pigeon femelle texan","25 000CFA","Dakar, Sénégal","https://images.coinafrique.com/thumb_3606040_uploaded_image1_1647113482.jpg"
"1767042573-382","https://sn.coinafrique.com/categorie/poules-lapins-et-pigeons","Trio poussins Brahma","20 000CFA","Rufisque, Sénégal","https://images.coinafrique.com/thumb_3599688_uploaded_image1_1646764114.jpg"
"1767042573-383","https://sn.coinafrique.com/categorie/poules-lapins-et-pigeons","Couple poussins brahma","20 000CFA","Mbour, Sénégal","https://images.coinafrique.com/thumb_3595177_uploaded_image1_1646493730.jpg"
"1767042573-384","https://sn.coinafrique.com/categorie/poules-lapins-et-pigeons","Lapins nains","30 000CFA","Parcelle Assainies, Dakar, Sénégal","https://images.coinafrique.com/thumb_3594110_uploaded_image1_1646425965.jpg"
"1767042573-385","https://sn.coinafrique.com/categorie/poules-lapins-et-pigeons","Coq Cochin","80 000CFA","Dakar, Sénégal","https://images.coinafrique.com/thumb_3589893_uploaded_image1_1646229663.jpg"
"1767042573-386","https://sn.coinafrique.com/categorie/poules-lapins-et-pigeons","Poule Cochin","90 000CFA","Dakar, Sénégal","https://images.coinafrique.com/thumb_3589888_uploaded_image1_1646229530.jpg"
"1767042573-387","https://sn.coinafrique.com/categorie/poules-lapins-et-pigeons","Couple Cochin","90 000CFA","Dakar, Sénégal","https://images.coinafrique.com/thumb_3577024_uploaded_image1_1645466016.jpg"
"1767042573-388","https://sn.coinafrique.com/categorie/poules-lapins-et-pigeons","Poulets","Prix sur demande","Dakar, Sénégal","https://images.coinafrique.com/thumb_3575471_uploaded_image1_1645369161.jpg"
"1767042573-389","https://sn.coinafrique.com/categorie/poules-lapins-et-pigeons","Poule  Brahma","25 000CFA","Parcelle Assainies, Dakar, Sénégal","https://images.coinafrique.com/thumb_3569532_uploaded_image1_1644995089.jpg"
"1767042573-390","https://sn.coinafrique.com/categorie/poules-lapins-et-pigeons","Couple de poule Brahman","50 000CFA","Saint Louis, Sénégal","https://images.coinafrique.com/thumb_3556200_uploaded_image1_1644096446.jpg"
"1767042573-391","https://sn.coinafrique.com/categorie/poules-lapins-et-pigeons","Oeuf poulet Brahma","2 500CFA","Rufisque, Sénégal","https://images.coinafrique.com/thumb_3556035_uploaded_image1_1644085287.jpg"
"1767042573-392","https://sn.coinafrique.com/categorie/poules-lapins-et-pigeons","Coq","30 000CFA","Dakar, Sénégal","https://images.coinafrique.com/thumb_3548688_uploaded_image1_1643733991.jpg"
"1767042573-393","https://sn.coinafrique.com/categorie/poules-lapins-et-pigeons","Poule pondeuse","45 000CFA","Rufisque, Sénégal","https://images.coinafrique.com/thumb_3546233_uploaded_image1_1643636475.jpg"
"1767042573-394","https://sn.coinafrique.com/categorie/poules-lapins-et-pigeons","Poussin brahman","10 000CFA","Rufisque, Sénégal","https://images.coinafrique.com/thumb_3546230_uploaded_image1_1643636330.jpg"
"1767042573-395","https://sn.coinafrique.com/categorie/poules-lapins-et-pigeons","Coq Brahman","50 000CFA","Rufisque, Sénégal","https://images.coinafrique.com/thumb_3546219_uploaded_image1_1643635974.jpg"
"1767042573-396","https://sn.coinafrique.com/categorie/poules-lapins-et-pigeons","Pigeons","45 000CFA","Dieuppeul-Derklé, Dakar, Sénégal","https://images.coinafrique.com/thumb_3544759_uploaded_image1_1643532462.jpg"
"1767042573-397","https://sn.coinafrique.com/categorie/poules-lapins-et-pigeons","Lot de 3 pigeons","25 000CFA","Sipres, Dakar, Sénégal","https://images.coinafrique.com/thumb_3544488_uploaded_image1_1643489629.jpg"
"1767042573-398","https://sn.coinafrique.com/categorie/poules-lapins-et-pigeons","Femelle opal rosa","35 000CFA","Thies, Sénégal","https://images.coinafrique.com/thumb_3544071_uploaded_image1_1643465628.jpg"
"1767042573-399","https://sn.coinafrique.com/categorie/poules-lapins-et-pigeons","Poussins Brahma","Prix sur demande","Parcelle Assainies, Dakar, Sénégal","https://images.coinafrique.com/thumb_3543634_uploaded_image1_1643440137.jpg"
"1767042573-400","https://sn.coinafrique.com/categorie/poules-lapins-et-pigeons","Lapins nains","35 000CFA","Thies, Sénégal","https://images.coinafrique.com/thumb_3537679_uploaded_image1_1643058435.jpg"
"1767042573-401","https://sn.coinafrique.com/categorie/poules-lapins-et-pigeons","Couple Lapins","35 000CFA","Hann Bel-Air, Dakar, Sénégal","https://images.coinafrique.com/thumb_3536316_uploaded_image1_1642949781.jpg"
"1767042573-402","https://sn.coinafrique.com/categorie/poules-lapins-et-pigeons","Coq Cochin coucou","Prix sur demande","Keur Massar, Sénégal","https://images.coinafrique.com/thumb_3530700_uploaded_image1_1642595156.jpg"
"1767042573-403","https://sn.coinafrique.com/categorie/poules-lapins-et-pigeons","Coq Cochin blanc","Prix sur demande","Keur Massar, Sénégal","https://images.coinafrique.com/thumb_3530692_uploaded_image1_1642595027.jpg"
"1767042573-404","https://sn.coinafrique.com/categorie/poules-lapins-et-pigeons","Poulet","25 003 000CFA","Grand Dakar, Dakar, Sénégal","https://images.coinafrique.com/thumb_3529776_uploaded_image1_1642526350.jpg"
"1767042573-405","https://sn.coinafrique.com/categorie/poules-lapins-et-pigeons","Poule","Prix sur demande","Dakar, Sénégal","https://images.coinafrique.com/thumb_3527552_uploaded_image1_1642403544.jpg"
"1767042573-406","https://sn.coinafrique.com/categorie/poules-lapins-et-pigeons","Femelle manteau Opale","60 000CFA","Thies, Sénégal","https://images.coinafrique.com/thumb_3526942_uploaded_image1_1642346260.jpg"
"1767042573-407","https://sn.coinafrique.com/categorie/poules-lapins-et-pigeons","Lapins Angoura","15 000CFA","HLM, Dakar, Sénégal","https://images.coinafrique.com/thumb_3521996_uploaded_image1_1642019964.jpg"
"1767042573-408","https://sn.coinafrique.com/categorie/poules-lapins-et-pigeons","Pigeons","Prix sur demande","Guediawaye, Dakar, Sénégal","https://images.coinafrique.com/thumb_3521128_uploaded_image1_1641989046.jpg"
"1767042573-409","https://sn.coinafrique.com/categorie/poules-lapins-et-pigeons","Lapins","40 000CFA","Hann Bel-Air, Dakar, Sénégal","https://images.coinafrique.com/thumb_3520760_uploaded_image1_1641976763.jpg"
"1767042573-410","https://sn.coinafrique.com/categorie/poules-lapins-et-pigeons","Poule Bleue Hollandaise","15 000CFA","Mbao, Dakar, Sénégal","https://images.coinafrique.com/thumb_3513806_uploaded_image1_1641562270.jpg"
"1767042573-411","https://sn.coinafrique.com/categorie/poules-lapins-et-pigeons","Pigeon Crimpan","75 000CFA","Diamalaye 1, Dakar, Sénégal","https://images.coinafrique.com/thumb_3505148_uploaded_image1_1641130075.jpg"
"1767042573-412","https://sn.coinafrique.com/categorie/poules-lapins-et-pigeons","Couple de poule Brahma","Prix sur demande","Parcelle Assainies, Dakar, Sénégal","https://images.coinafrique.com/thumb_3502325_uploaded_image1_1640848021.jpg"
"1767042573-413","https://sn.coinafrique.com/categorie/poules-lapins-et-pigeons","Jeune mâle Brahma","Prix sur demande","Parcelle Assainies, Dakar, Sénégal","https://images.coinafrique.com/thumb_3494983_uploaded_image1_1640242888.jpg"
"1767042573-414","https://sn.coinafrique.com/categorie/poules-lapins-et-pigeons","Poule cou nue","16 000CFA","Guediawaye, Dakar, Sénégal","https://images.coinafrique.com/thumb_3473109_uploaded_image1_1638884949.jpg"
"1767042573-415","https://sn.coinafrique.com/categorie/poules-lapins-et-pigeons","Couple pigeons cravate","25 000CFA","Dakar, Sénégal","https://images.coinafrique.com/thumb_3468974_uploaded_image1_1638651001.jpg"
"1767042573-416","https://sn.coinafrique.com/categorie/poules-lapins-et-pigeons","Poules","3 000CFA","Dakar, Sénégal","https://images.coinafrique.com/thumb_3464218_uploaded_image1_1638449183.jpg"
"1767042573-417","https://sn.coinafrique.com/categorie/poules-lapins-et-pigeons","Poules","Prix sur demande","Dakar, Sénégal","https://images.coinafrique.com/thumb_3464191_uploaded_image1_1638448708.jpg"
"1767042573-418","https://sn.coinafrique.com/categorie/poules-lapins-et-pigeons","Poules","3 000CFA","Mermoz-Sacré Coeur, Dakar, Sénégal","https://images.coinafrique.com/thumb_3447997_uploaded_image1_1637496004.jpg"
"1767042573-419","https://sn.coinafrique.com/categorie/poules-lapins-et-pigeons","Pigeon Voyageur","17 000CFA","Touba, Sénégal","https://images.coinafrique.com/thumb_3444824_uploaded_image1_1637284415.jpg"
"1767042573-420","https://sn.coinafrique.com/categorie/poules-lapins-et-pigeons","Pigeon Boulan blanc","Prix sur demande","Dakar, Sénégal","https://images.coinafrique.com/thumb_3441505_uploaded_image1_1637127613.jpg"
"1767042573-421","https://sn.coinafrique.com/categorie/poules-lapins-et-pigeons","Poule femelle Orpington","Prix sur demande","Dakar, Sénégal","https://images.coinafrique.com/thumb_3441502_uploaded_image1_1637127447.jpg"
"1767042573-422","https://sn.coinafrique.com/categorie/poules-lapins-et-pigeons","Lapins","35 000CFA","Hann Bel-Air, Dakar, Sénégal","https://images.coinafrique.com/thumb_3437255_uploaded_image1_1636886889.jpg"
"1767042573-423","https://sn.coinafrique.com/categorie/poules-lapins-et-pigeons","Pigeon","Prix sur demande","Parcelle Assainies, Dakar, Sénégal","https://images.coinafrique.com/thumb_3436083_uploaded_image1_1636807309.jpg"
"1767042573-424","https://sn.coinafrique.com/categorie/poules-lapins-et-pigeons","Poussins brahma couple","22 000CFA","Yoff, Dakar, Sénégal","https://images.coinafrique.com/thumb_3426274_uploaded_image1_1636309987.jpg"
"1767042573-425","https://sn.coinafrique.com/categorie/poules-lapins-et-pigeons","Pigeon couple Cauchois","70 000CFA","Dakar, Sénégal","https://images.coinafrique.com/thumb_3418999_uploaded_image1_1635954718.jpg"
"1767042573-426","https://sn.coinafrique.com/categorie/poules-lapins-et-pigeons","Pigeon femelle Mondain","70 000CFA","Dakar, Sénégal","https://images.coinafrique.com/thumb_3418994_uploaded_image1_1635954539.jpg"
"1767042573-427","https://sn.coinafrique.com/categorie/poules-lapins-et-pigeons","Pigeons Texan","60 000CFA","Rufisque, Sénégal","https://images.coinafrique.com/thumb_3414604_uploaded_image1_1635789687.jpg"
"1767042573-428","https://sn.coinafrique.com/categorie/poules-lapins-et-pigeons","Pigeon Cauchois","100 000CFA","Rufisque, Sénégal","https://images.coinafrique.com/thumb_3414597_uploaded_image1_1635789492.jpg"
"1767042573-429","https://sn.coinafrique.com/categorie/poules-lapins-et-pigeons","Pigeon Bouvreuil Archangel","40 000CFA","Rufisque, Sénégal","https://images.coinafrique.com/thumb_3414593_uploaded_image1_1635789344.jpg"
"1767042573-430","https://sn.coinafrique.com/categorie/poules-lapins-et-pigeons","Pigeon","35 000CFA","Ouakam, Dakar, Sénégal","https://images.coinafrique.com/thumb_3405195_uploaded_image1_1635268881.jpg"
"1767042573-431","https://sn.coinafrique.com/categorie/poules-lapins-et-pigeons","Poussins","Prix sur demande","Mbour, Sénégal","https://images.coinafrique.com/thumb_3404905_uploaded_image1_1635261146.jpg"
"1767042573-432","https://sn.coinafrique.com/categorie/poules-lapins-et-pigeons","Poulets de chair","2 500CFA","Dakar, Sénégal","https://images.coinafrique.com/thumb_3394674_uploaded_image1_1634723623.jpg"
"1767042573-433","https://sn.coinafrique.com/categorie/poules-lapins-et-pigeons","Pigeon Lahor","65 000CFA","Thies, Sénégal","https://images.coinafrique.com/thumb_3382710_uploaded_image1_1634069766.jpg"
"1767042573-434","https://sn.coinafrique.com/categorie/poules-lapins-et-pigeons","Pigeon","Prix sur demande","Thies, Sénégal","https://images.coinafrique.com/thumb_3382693_uploaded_image1_1634069396.jpg"
"1767042573-435","https://sn.coinafrique.com/categorie/poules-lapins-et-pigeons","Pigeons Laince","Prix sur demande","Dakar, Sénégal","https://images.coinafrique.com/thumb_3380877_uploaded_image1_1633980647.jpg"
"1767042573-436","https://sn.coinafrique.com/categorie/poules-lapins-et-pigeons","Poules pondeuses","2 000CFA","Dakar, Sénégal","https://images.coinafrique.com/thumb_3379737_uploaded_image1_1633947290.jpg"
"1767042573-437","https://sn.coinafrique.com/categorie/poules-lapins-et-pigeons","Pigeons bouvreuils","22 000CFA","Rufisque, Sénégal","https://images.coinafrique.com/thumb_3378491_uploaded_image1_1633862943.jpg"
"1767042573-438","https://sn.coinafrique.com/categorie/poules-lapins-et-pigeons","Poussins brahman herminé - cochin blanc","Prix sur demande","Keur Massar, Sénégal","https://images.coinafrique.com/thumb_3374652_uploaded_image1_1633650923.jpg"
"1767042573-439","https://sn.coinafrique.com/categorie/poules-lapins-et-pigeons","Pigeon voyageur","10 000CFA","Ouest Foire, Dakar, Sénégal","https://images.coinafrique.com/thumb_3373811_uploaded_image1_1633618398.jpg"
"1767042573-440","https://sn.coinafrique.com/categorie/poules-lapins-et-pigeons","Pigeon voyageur","10 000CFA","Ouest Foire, Dakar, Sénégal","https://images.coinafrique.com/thumb_3373808_uploaded_image1_1633618269.jpg"
"1767042573-441","https://sn.coinafrique.com/categorie/poules-lapins-et-pigeons","Pigeons","50 000CFA","Dakar, Sénégal","https://images.coinafrique.com/thumb_3371154_uploaded_image1_1633515720.jpg"
"1767042573-442","https://sn.coinafrique.com/categorie/poules-lapins-et-pigeons","Poule Barahmane","100 000CFA","M'bour, Sénégal","https://images.coinafrique.com/thumb_3370800_uploaded_image2_1633504872.jpeg"
"1767042573-443","https://sn.coinafrique.com/categorie/poules-lapins-et-pigeons","Couple poulet Brahmâ","50 000CFA","Dakar, Sénégal","https://images.coinafrique.com/thumb_3369356_uploaded_image1_1633438053.jpg"
"1767042573-444","https://sn.coinafrique.com/categorie/poules-lapins-et-pigeons","Pigeon Romain","85 000CFA","Dakar, Sénégal","https://images.coinafrique.com/thumb_3362871_uploaded_image1_1633116442.jpg"
"1767042573-445","https://sn.coinafrique.com/categorie/poules-lapins-et-pigeons","Poule Brahman Herminé","Prix sur demande","Keur Massar, Sénégal","https://images.coinafrique.com/thumb_3357881_uploaded_image3_1632920077.jpeg"
"1767042573-446","https://sn.coinafrique.com/categorie/poules-lapins-et-pigeons","Poule Brahma hermnée","100 000CFA","Guediawaye, Dakar, Sénégal","https://images.coinafrique.com/thumb_3357145_uploaded_image1_1632869295.jpg"
"1767042573-447","https://sn.coinafrique.com/categorie/poules-lapins-et-pigeons","Pigeon Mondain","110 000CFA","Mbour, Sénégal","https://images.coinafrique.com/thumb_3353083_uploaded_image1_1632604432.jpg"
"1767042573-448","https://sn.coinafrique.com/categorie/poules-lapins-et-pigeons","Pigeons","50 000CFA","Mbour, Sénégal","https://images.coinafrique.com/thumb_3353071_uploaded_image1_1632603938.jpg"
"1767042573-449","https://sn.coinafrique.com/categorie/poules-lapins-et-pigeons","Pigeons","40 000CFA","Mbour, Sénégal","https://images.coinafrique.com/thumb_3353065_uploaded_image1_1632603690.jpg"
"1767042573-450","https://sn.coinafrique.com/categorie/poules-lapins-et-pigeons","Pigeon bajoura","50 000CFA","Mbour, Sénégal","https://images.coinafrique.com/thumb_3353059_uploaded_image1_1632603388.jpg"
"1767042573-451","https://sn.coinafrique.com/categorie/poules-lapins-et-pigeons","Poules","35 000CFA","Guediawaye, Dakar, Sénégal","https://images.coinafrique.com/thumb_3349405_uploaded_image2_1632391949.jpeg"
"1767042573-452","https://sn.coinafrique.com/categorie/poules-lapins-et-pigeons","Poules brahmanes","35 000CFA","Guediawaye, Dakar, Sénégal","https://images.coinafrique.com/thumb_3349401_uploaded_image1_1632391902.jpg"
"1767042573-453","https://sn.coinafrique.com/categorie/poules-lapins-et-pigeons","Poules Brahmanes","35 000CFA","Guediawaye, Dakar, Sénégal","https://images.coinafrique.com/thumb_3349397_uploaded_image2_1632391557.jpeg"
"1767042573-454","https://sn.coinafrique.com/categorie/poules-lapins-et-pigeons","Poules brahmanes","35 000CFA","Guediawaye, Dakar, Sénégal","https://images.coinafrique.com/thumb_3349394_uploaded_image1_1632391504.jpg"
"1767042573-455","https://sn.coinafrique.com/categorie/poules-lapins-et-pigeons","Poule","Prix sur demande","Dakar, Sénégal","https://images.coinafrique.com/thumb_3348160_uploaded_image1_1632324869.jpg"
"1767042573-456","https://sn.coinafrique.com/categorie/poules-lapins-et-pigeons","Poulet de chair","2 300CFA","Guediawaye, Dakar, Sénégal","https://images.coinafrique.com/thumb_3337450_uploaded_image1_1631785546.jpg"
"1767042573-457","https://sn.coinafrique.com/categorie/poules-lapins-et-pigeons","Pigeon","Prix sur demande","Kaolack, Sénégal","https://images.coinafrique.com/thumb_3334209_uploaded_image1_1631622270.jpg"
"1767042573-458","https://sn.coinafrique.com/categorie/poules-lapins-et-pigeons","Poulets pondeuses","2 000CFA","Dakar, Sénégal","https://images.coinafrique.com/thumb_3333107_uploaded_image1_1631563838.jpg"
"1767042573-459","https://sn.coinafrique.com/categorie/poules-lapins-et-pigeons","Poussins Cochin","Prix sur demande","Keur Massar, Sénégal","https://images.coinafrique.com/thumb_3325681_uploaded_image1_1631188256.jpg"
"1767042573-460","https://sn.coinafrique.com/categorie/poules-lapins-et-pigeons","Lapin nain","30 000CFA","Parcelle Assainies, Dakar, Sénégal","https://images.coinafrique.com/thumb_3322610_uploaded_image1_1631059644.jpg"
"1767042573-461","https://sn.coinafrique.com/categorie/poules-lapins-et-pigeons","Trio poussin coucou","30 000CFA","Dakar, Sénégal","https://images.coinafrique.com/thumb_3316809_uploaded_image1_1630785179.jpg"
"1767042573-462","https://sn.coinafrique.com/categorie/poules-lapins-et-pigeons","Poussin Brahmâ","20 000CFA","Dakar, Sénégal","https://images.coinafrique.com/thumb_3316806_uploaded_image1_1630785002.jpg"
"1767042573-463","https://sn.coinafrique.com/categorie/poules-lapins-et-pigeons","Poussin Brahma","20 000CFA","Dakar, Sénégal","https://images.coinafrique.com/thumb_3316797_uploaded_image1_1630784777.jpg"
"1767042573-464","https://sn.coinafrique.com/categorie/poules-lapins-et-pigeons","Lapereaux","17 000CFA","Pikine, Sénégal","https://images.coinafrique.com/thumb_3315445_uploaded_image1_1630722382.jpg"
"1767042573-465","https://sn.coinafrique.com/categorie/poules-lapins-et-pigeons","Poule Brahman","22 000CFA","Louga, Sénégal","https://images.coinafrique.com/thumb_3307095_uploaded_image1_1630430739.jpg"
"1767042573-466","https://sn.coinafrique.com/categorie/poules-lapins-et-pigeons","Pigeon mondain / bullan","25 000CFA","Louga, Sénégal","https://images.coinafrique.com/thumb_3306481_uploaded_image1_1630411232.jpg"
"1767042573-467","https://sn.coinafrique.com/categorie/poules-lapins-et-pigeons","Pigeon Bullan","95 000CFA","Louga, Sénégal","https://images.coinafrique.com/thumb_3306474_uploaded_image1_1630410943.jpg"
"1767042573-468","https://sn.coinafrique.com/categorie/poules-lapins-et-pigeons","Pigeon  Bullan","100 000CFA","Louga, Sénégal","https://images.coinafrique.com/thumb_3306464_uploaded_image1_1630410757.jpg"
"1767042573-469","https://sn.coinafrique.com/categorie/poules-lapins-et-pigeons","Pigeons Lahore","Prix sur demande","Parcelle Assainies, Dakar, Sénégal","https://images.coinafrique.com/thumb_3305350_uploaded_image1_1630343789.jpg"
"1767042573-470","https://sn.coinafrique.com/categorie/poules-lapins-et-pigeons","Pigeons","50 000CFA","Kaolack, Sénégal","https://images.coinafrique.com/thumb_3302613_uploaded_image1_1630169095.jpg"
"1767042573-471","https://sn.coinafrique.com/categorie/poules-lapins-et-pigeons","Poulet Bleu Hollande","4 500CFA","Diourbel, Sénégal","https://images.coinafrique.com/thumb_3290876_uploaded_image1_1629501810.jpg"
"1767042573-472","https://sn.coinafrique.com/categorie/poules-lapins-et-pigeons","Lapereaux","17 000CFA","Pikine, Sénégal","https://images.coinafrique.com/thumb_3286388_uploaded_image1_1629289139.jpg"
"1767042573-473","https://sn.coinafrique.com/categorie/poules-lapins-et-pigeons","Poules","3 000CFA","Dakar, Sénégal","https://images.coinafrique.com/thumb_3283632_uploaded_image1_1629152543.jpg"
"1767042573-474","https://sn.coinafrique.com/categorie/poules-lapins-et-pigeons","Poule cochin blanc","Prix sur demande","Keur Massar, Sénégal","https://images.coinafrique.com/thumb_3281225_uploaded_image2_1629034850.jpeg"
"1767042573-475","https://sn.coinafrique.com/categorie/poules-lapins-et-pigeons","Poulet cochin blanc","Prix sur demande","Keur Massar, Sénégal","https://images.coinafrique.com/thumb_3281223_uploaded_image1_1629034748.jpg"
"1767042573-476","https://sn.coinafrique.com/categorie/poules-lapins-et-pigeons","Poule Bleu Hollande","10 000CFA","Kaolack, Sénégal","https://images.coinafrique.com/thumb_3278019_uploaded_image1_1628853028.jpg"
"1767042573-477","https://sn.coinafrique.com/categorie/poules-lapins-et-pigeons","Brahma herminé","Prix sur demande","Keur Massar, Sénégal","https://images.coinafrique.com/thumb_3259880_uploaded_image1_1628000666.jpg"
"1767042573-478","https://sn.coinafrique.com/categorie/poules-lapins-et-pigeons","Poussins Brahman Herminé","Prix sur demande","Keur Massar, Sénégal","https://images.coinafrique.com/thumb_3248983_uploaded_image1_1627479441.jpg"
"1767042573-479","https://sn.coinafrique.com/categorie/poules-lapins-et-pigeons","Pigeon voyageur Meulman","10 000CFA","Dakar, Sénégal","https://images.coinafrique.com/thumb_3248657_uploaded_image1_1627469932.jpg"
"1767042573-480","https://sn.coinafrique.com/categorie/poules-lapins-et-pigeons","Poules","2 500CFA","Dakar, Sénégal","https://images.coinafrique.com/thumb_3229235_uploaded_image1_1626304950.jpg"
"1767042573-481","https://sn.coinafrique.com/categorie/poules-lapins-et-pigeons","Poulets de chair","2 500CFA","Sicap Liberté, Dakar, Sénégal","https://images.coinafrique.com/thumb_3214815_uploaded_image1_1625661793.jpg"
"1767042573-482","https://sn.coinafrique.com/categorie/poules-lapins-et-pigeons","Perruche","20 000CFA","Dakar, Sénégal","https://images.coinafrique.com/thumb_3214014_uploaded_image1_1625618936.jpg"
"1767042573-483","https://sn.coinafrique.com/categorie/poules-lapins-et-pigeons","Lapin fauve de bourgogne","25 000CFA","Mbour, Sénégal","https://images.coinafrique.com/thumb_3202447_uploaded_image2_1625166857.jpeg"
"1767042573-484","https://sn.coinafrique.com/categorie/poules-lapins-et-pigeons","Lapin","15 000CFA","Yoff, Dakar, Sénégal","https://images.coinafrique.com/thumb_3197088_uploaded_image1_1624966307.jpg"
"1767042573-485","https://sn.coinafrique.com/categorie/poules-lapins-et-pigeons","Coq Baramann","Prix sur demande","Mbao, Dakar, Sénégal","https://images.coinafrique.com/thumb_3189768_uploaded_image1_1624544691.jpg"
"1767042573-486","https://sn.coinafrique.com/categorie/poules-lapins-et-pigeons","Lapin","35 000CFA","Guediawaye, Dakar, Sénégal","https://images.coinafrique.com/thumb_3187687_uploaded_image1_1624451192.jpg"
"1767042573-487","https://sn.coinafrique.com/categorie/poules-lapins-et-pigeons","Pigeon Monday","100 000CFA","Mbour, Sénégal","https://images.coinafrique.com/thumb_3177475_uploaded_image1_1623938929.jpg"
"1767042573-488","https://sn.coinafrique.com/categorie/poules-lapins-et-pigeons","Pignon Monday","175 000CFA","Mbour, Sénégal","https://images.coinafrique.com/thumb_3177465_uploaded_image1_1623938681.jpg"
"1767042573-489","https://sn.coinafrique.com/categorie/poules-lapins-et-pigeons","Poulet","Prix sur demande","Grand Dakar, Dakar, Sénégal","https://images.coinafrique.com/thumb_3177358_uploaded_image1_1623935467.jpg"
"1767042573-490","https://sn.coinafrique.com/categorie/poules-lapins-et-pigeons","Poulet de chair","3 000CFA","Ouakam, Dakar, Sénégal","https://images.coinafrique.com/thumb_3175790_uploaded_image1_1623855618.jpg"
"1767042573-491","https://sn.coinafrique.com/categorie/poules-lapins-et-pigeons","Poules cou-nues","Prix sur demande","Touba, Sénégal","https://images.coinafrique.com/thumb_3169649_uploaded_image1_1623581238.jpg"
"1767042573-492","https://sn.coinafrique.com/categorie/poules-lapins-et-pigeons","Poulets bleue d'hollande","Prix sur demande","Touba, Sénégal","https://images.coinafrique.com/thumb_3169646_uploaded_image1_1623581136.jpg"
"1767042573-493","https://sn.coinafrique.com/categorie/poules-lapins-et-pigeons","Pigeon","Prix sur demande","Joal Fadiouth, Sénégal","https://images.coinafrique.com/thumb_3167648_uploaded_image1_1623456119.jpg"
"1767042573-494","https://sn.coinafrique.com/categorie/poules-lapins-et-pigeons","Poulet de chair","2 500CFA","Sicap Liberté, Dakar, Sénégal","https://images.coinafrique.com/thumb_3165580_uploaded_image1_1623362561.jpg"
"1767042573-495","https://sn.coinafrique.com/categorie/poules-lapins-et-pigeons","Pintade","10 000CFA","Mbao, Dakar, Sénégal","https://images.coinafrique.com/thumb_3165007_uploaded_image1_1623340371.jpg"
"1767042573-496","https://sn.coinafrique.com/categorie/poules-lapins-et-pigeons","Poule Baraman","Prix sur demande","Mbao, Dakar, Sénégal","https://images.coinafrique.com/thumb_3164881_uploaded_image1_1623336573.jpg"
"1767042573-497","https://sn.coinafrique.com/categorie/poules-lapins-et-pigeons","Lapereaux","15 000CFA","Pikine, Sénégal","https://images.coinafrique.com/thumb_3155590_uploaded_image1_1622927017.jpg"
"1767042573-498","https://sn.coinafrique.com/categorie/poules-lapins-et-pigeons","Lapereaux","15 000CFA","Pikine, Sénégal","https://images.coinafrique.com/thumb_3155585_uploaded_image1_1622926869.jpg"
"1767042573-499","https://sn.coinafrique.com/categorie/poules-lapins-et-pigeons","Poulet local","3 000CFA","Keur Massar, Sénégal","https://images.coinafrique.com/thumb_3154953_uploaded_image2_1622902343.jpeg"
"1767042573-500","https://sn.coinafrique.com/categorie/poules-lapins-et-pigeons","Poulets","Prix sur demande","Rufisque, Sénégal","https://images.coinafrique.com/thumb_3152493_uploaded_image1_1622801692.jpg"
"1767042573-501","https://sn.coinafrique.com/categorie/poules-lapins-et-pigeons","Perroquet","40 000CFA","Keur Massar, Sénégal","https://images.coinafrique.com/thumb_3150902_uploaded_image1_1622730048.jpg"
"1767042573-502","https://sn.coinafrique.com/categorie/poules-lapins-et-pigeons","Dinde","15 000CFA","Touba, Sénégal","https://images.coinafrique.com/thumb_3148596_uploaded_image1_1622649167.jpg"
"1767042573-503","https://sn.coinafrique.com/categorie/poules-lapins-et-pigeons","Pigeon","500CFA","Mbao, Dakar, Sénégal","https://images.coinafrique.com/thumb_3142583_uploaded_image2_1622471438.jpeg"
"1767042573-504","https://sn.coinafrique.com/categorie/poules-lapins-et-pigeons","Pigeons voyageurs","12 000CFA","Thies, Sénégal","https://images.coinafrique.com/thumb_3140949_uploaded_image1_1622373951.jpg"
"1767042573-505","https://sn.coinafrique.com/categorie/poules-lapins-et-pigeons","Lapin","Prix sur demande","Bargny, Sénégal","https://images.coinafrique.com/thumb_3136627_uploaded_image1_1622124684.jpg"
"1767042573-506","https://sn.coinafrique.com/categorie/poules-lapins-et-pigeons","Pigeon Mondain","180 000CFA","Mbour, Sénégal","https://images.coinafrique.com/thumb_3131153_uploaded_image1_1621866089.jpg"
"1767042573-507","https://sn.coinafrique.com/categorie/poules-lapins-et-pigeons","Cailles jumbos","1 500CFA","HLM, Dakar, Sénégal","https://images.coinafrique.com/thumb_3131078_uploaded_image1_1621863390.jpg"
"1767042573-508","https://sn.coinafrique.com/categorie/poules-lapins-et-pigeons","Lapin Angora","25 000CFA","Dakar, Sénégal","https://images.coinafrique.com/thumb_3130806_uploaded_image1_1621853971.jpg"
"1767042573-509","https://sn.coinafrique.com/categorie/poules-lapins-et-pigeons","Poulets Brahman","40 000CFA","Mbao, Dakar, Sénégal","https://images.coinafrique.com/thumb_3128887_uploaded_image1_1621714606.jpg"
"1767042573-510","https://sn.coinafrique.com/categorie/poules-lapins-et-pigeons","Poussins Brahma","5 000CFA","Guediawaye, Dakar, Sénégal","https://images.coinafrique.com/thumb_3126603_uploaded_image1_1621600775.jpg"
"1767042573-511","https://sn.coinafrique.com/categorie/poules-lapins-et-pigeons","Colvert","35 000CFA","Dakar, Sénégal","https://images.coinafrique.com/thumb_3125526_uploaded_image1_1621532802.jpg"
"1767042573-512","https://sn.coinafrique.com/categorie/poules-lapins-et-pigeons","Poulet","3 500CFA","Ouakam, Dakar, Sénégal","https://images.coinafrique.com/thumb_3123441_uploaded_image1_1621440889.jpg"
"1767042573-513","https://sn.coinafrique.com/categorie/poules-lapins-et-pigeons","Lapins","22 000CFA","Dakar, Sénégal","https://images.coinafrique.com/thumb_3121121_uploaded_image1_1621343038.jpg"
"1767042573-514","https://sn.coinafrique.com/categorie/poules-lapins-et-pigeons","Pigeon","80 000CFA","Mbour, Sénégal","https://images.coinafrique.com/thumb_3118080_uploaded_image1_1621187860.jpg"
"1767042573-515","https://sn.coinafrique.com/categorie/poules-lapins-et-pigeons","Lapereaux","15 000CFA","Dakar, Sénégal","https://images.coinafrique.com/thumb_3115873_uploaded_image1_1621043291.jpg"
"1767042573-516","https://sn.coinafrique.com/categorie/poules-lapins-et-pigeons","Pigeon Lahore - noir","25 000CFA","Mbour, Sénégal","https://images.coinafrique.com/thumb_3104310_uploaded_image1_1620450328.jpg"
"1767042573-517","https://sn.coinafrique.com/categorie/poules-lapins-et-pigeons","Pigeon Lahore rouge","25 000CFA","Mbour, Sénégal","https://images.coinafrique.com/thumb_3104308_uploaded_image1_1620450063.jpg"
"1767042573-518","https://sn.coinafrique.com/categorie/poules-lapins-et-pigeons","Pigeon cauchois","70 000CFA","Mbour, Sénégal","https://images.coinafrique.com/thumb_3101934_uploaded_image1_1620336090.jpg"
"1767042573-519","https://sn.coinafrique.com/categorie/poules-lapins-et-pigeons","Pigeon voyageur Mento","20 000CFA","Mbour, Sénégal","https://images.coinafrique.com/thumb_3101648_uploaded_image1_1620324800.jpg"
"1767042573-520","https://sn.coinafrique.com/categorie/poules-lapins-et-pigeons","Poulet de chair","3 500CFA","Thies, Sénégal","https://images.coinafrique.com/thumb_3101043_uploaded_image1_1620309572.jpg"
"1767042573-521","https://sn.coinafrique.com/categorie/poules-lapins-et-pigeons","Pigeon kochoi","70 000CFA","Mbour, Sénégal","https://images.coinafrique.com/thumb_3099946_uploaded_image1_1620258649.jpg"
"1767042573-522","https://sn.coinafrique.com/categorie/poules-lapins-et-pigeons","Perruches  arc-en-ciel","40 000CFA","Mermoz-Sacré Coeur, Dakar, Sénégal","https://images.coinafrique.com/thumb_3094776_uploaded_image1_1620059311.jpg"
"1767042573-523","https://sn.coinafrique.com/categorie/poules-lapins-et-pigeons","Pigeon Lahore","20 000CFA","Rufisque, Sénégal","https://images.coinafrique.com/thumb_3090984_uploaded_image1_1619904750.jpg"
"1767042573-524","https://sn.coinafrique.com/categorie/poules-lapins-et-pigeons","Lapin couple fauve adultes","80 000CFA","Hann Bel-Air, Dakar, Sénégal","https://images.coinafrique.com/thumb_3089288_uploaded_image1_1619848402.jpg"
"1767042573-525","https://sn.coinafrique.com/categorie/poules-lapins-et-pigeons","Pigeons","80 000CFA","Mbour, Sénégal","https://images.coinafrique.com/thumb_3087144_uploaded_image1_1619723224.jpg"
"1767042573-526","https://sn.coinafrique.com/categorie/poules-lapins-et-pigeons","Couples Pigeons Boulant Panarami reproducteurs","130 000CFA","Rufisque, Sénégal","https://images.coinafrique.com/thumb_3083820_uploaded_image1_1619564909.jpg"
"1767042573-527","https://sn.coinafrique.com/categorie/poules-lapins-et-pigeons","Poulet de chair","2 500CFA","Mbao, Dakar, Sénégal","https://images.coinafrique.com/thumb_3082778_uploaded_image1_1619528177.jpg"
"1767042573-528","https://sn.coinafrique.com/categorie/poules-lapins-et-pigeons","Pigeon Lahor","30 000CFA","Mbour, Sénégal","https://images.coinafrique.com/thumb_3076680_uploaded_image1_1619200906.jpg"
"1767042573-529","https://sn.coinafrique.com/categorie/poules-lapins-et-pigeons","Pigeon","100 000CFA","Mbour, Sénégal","https://images.coinafrique.com/thumb_3076669_uploaded_image1_1619200506.jpg"
"1767042573-530","https://sn.coinafrique.com/categorie/poules-lapins-et-pigeons","Pigeon","60 000CFA","Mbour, Sénégal","https://images.coinafrique.com/thumb_3076664_uploaded_image1_1619200352.jpg"
"1767042573-531","https://sn.coinafrique.com/categorie/poules-lapins-et-pigeons","Pigeon","40 000CFA","Mbour, Sénégal","https://images.coinafrique.com/thumb_3076657_uploaded_image1_1619200129.jpg"
"1767042573-532","https://sn.coinafrique.com/categorie/poules-lapins-et-pigeons","Lapin Angora","20 000CFA","Grand Yoff, Dakar, Sénégal","https://images.coinafrique.com/thumb_3072438_uploaded_image2_1619019452.jpeg"
"1767042573-533","https://sn.coinafrique.com/categorie/poules-lapins-et-pigeons","Poules","3 500CFA","Dakar, Sénégal","https://images.coinafrique.com/thumb_3065835_uploaded_image1_1618714726.jpg"
"1767042573-534","https://sn.coinafrique.com/categorie/poules-lapins-et-pigeons","Pigeon Lahor","30 000CFA","Mbour, Sénégal","https://images.coinafrique.com/thumb_3063589_uploaded_image1_1618596539.jpg"
"1767042573-535","https://sn.coinafrique.com/categorie/poules-lapins-et-pigeons","Pigeon Château Rouge","50 000CFA","Mbour, Sénégal","https://images.coinafrique.com/thumb_3063568_uploaded_image1_1618595933.jpg"
"1767042573-536","https://sn.coinafrique.com/categorie/poules-lapins-et-pigeons","Pigeon Laor","60 000CFA","Dakar, Sénégal","https://images.coinafrique.com/thumb_3058782_uploaded_image1_1618401720.jpg"
"1767042573-537","https://sn.coinafrique.com/categorie/poules-lapins-et-pigeons","Lapin Angora","Prix sur demande","Dakar, Sénégal","https://images.coinafrique.com/thumb_3055838_uploaded_image1_1618276360.jpg"
"1767042573-538","https://sn.coinafrique.com/categorie/poules-lapins-et-pigeons","Lapereaux","20 000CFA","Yoff, Dakar, Sénégal","https://images.coinafrique.com/thumb_3052171_uploaded_image1_1618086163.jpg"
"1767042573-539","https://sn.coinafrique.com/categorie/poules-lapins-et-pigeons","Pigeon","150 000CFA","Rufisque, Sénégal","https://images.coinafrique.com/thumb_3049719_uploaded_image1_1617978714.jpg"
"1767042573-540","https://sn.coinafrique.com/categorie/poules-lapins-et-pigeons","Lapins Angora métissés","15 000CFA","Sicap Liberté, Dakar, Sénégal","https://images.coinafrique.com/thumb_3035970_uploaded_image1_1617382564.jpg"
"1767042573-541","https://sn.coinafrique.com/categorie/poules-lapins-et-pigeons","Pigeon","25 000CFA","Guediawaye, Dakar, Sénégal","https://images.coinafrique.com/thumb_3033406_uploaded_image1_1617293184.jpg"
"1767042573-542","https://sn.coinafrique.com/categorie/poules-lapins-et-pigeons","Cochin blanche","65 000CFA","Dakar, Sénégal","https://images.coinafrique.com/thumb_3025104_uploaded_image1_1616923906.jpg"
"1767042573-543","https://sn.coinafrique.com/categorie/poules-lapins-et-pigeons","Coq Cochin blanc","70 000CFA","Dakar, Sénégal","https://images.coinafrique.com/thumb_3024487_uploaded_image1_1616866962.jpg"
"1767042573-544","https://sn.coinafrique.com/categorie/poules-lapins-et-pigeons","Poulets de chair","Prix sur demande","Grand Yoff, Dakar, Sénégal","https://images.coinafrique.com/thumb_3020864_uploaded_image1_1616685325.jpg"
"1767042573-545","https://sn.coinafrique.com/categorie/poules-lapins-et-pigeons","Poulets","Prix sur demande","Grand Yoff, Dakar, Sénégal","https://images.coinafrique.com/thumb_3020754_uploaded_image1_1616682583.jpg"
"1767042573-546","https://sn.coinafrique.com/categorie/poules-lapins-et-pigeons","Poulet de chair","3 000CFA","Touba, Sénégal","https://images.coinafrique.com/thumb_3020570_uploaded_image1_1616677661.jpg"
"1767042573-547","https://sn.coinafrique.com/categorie/poules-lapins-et-pigeons","Poulet de chair","3 000CFA","Touba, Sénégal","https://images.coinafrique.com/thumb_3017104_uploaded_image1_1616512963.jpg"
"1767042573-548","https://sn.coinafrique.com/categorie/poules-lapins-et-pigeons","Trio dindes rouge","130 000CFA","Dakar, Sénégal","https://images.coinafrique.com/thumb_3012683_uploaded_image1_1616280245.jpg"
"1767042573-549","https://sn.coinafrique.com/categorie/poules-lapins-et-pigeons","Pigeon voyageur","5 000CFA","Dakar Plateau, Dakar, Sénégal","https://images.coinafrique.com/thumb_3011311_uploaded_image2_1616223766.jpeg"
"1767042573-550","https://sn.coinafrique.com/categorie/poules-lapins-et-pigeons","Poulet","3 000CFA","Saint Louis, Sénégal","https://images.coinafrique.com/thumb_3010219_uploaded_image1_1616159454.jpg"
"1767042573-551","https://sn.coinafrique.com/categorie/poules-lapins-et-pigeons","Poules bleus hollandais","6 500CFA","Saint Louis, Sénégal","https://images.coinafrique.com/thumb_3009280_uploaded_image1_1616101333.jpg"
"1767042573-552","https://sn.coinafrique.com/categorie/poules-lapins-et-pigeons","Chateau","50 000CFA","Mbour, Sénégal","https://images.coinafrique.com/thumb_3005856_uploaded_image1_1615940349.jpg"
"1767042573-553","https://sn.coinafrique.com/categorie/poules-lapins-et-pigeons","Jeune king","50 000CFA","Mbour, Sénégal","https://images.coinafrique.com/thumb_3005849_uploaded_image1_1615939888.jpg"
"1767042573-554","https://sn.coinafrique.com/categorie/poules-lapins-et-pigeons","Chateau","50 000CFA","Mbour, Sénégal","https://images.coinafrique.com/thumb_3005822_uploaded_image1_1615938255.jpg"
"1767042573-555","https://sn.coinafrique.com/categorie/poules-lapins-et-pigeons","Oison de Toulouse","Prix sur demande","Mbour, Sénégal","https://images.coinafrique.com/thumb_3000848_uploaded_image1_1615686013.jpg"
"1767042573-556","https://sn.coinafrique.com/categorie/poules-lapins-et-pigeons","Poulet pondeuse","3 500CFA","Guediawaye, Dakar, Sénégal","https://images.coinafrique.com/thumb_3000537_uploaded_image1_1615668903.jpg"
"1767042573-557","https://sn.coinafrique.com/categorie/poules-lapins-et-pigeons","Poules Brahma","Prix sur demande","Dakar, Sénégal","https://images.coinafrique.com/thumb_3000249_uploaded_image1_1615655282.jpg"
"1767042573-558","https://sn.coinafrique.com/categorie/poules-lapins-et-pigeons","Perruches ondulées","Prix sur demande","Point E, Dakar, Sénégal","https://images.coinafrique.com/thumb_2996669_uploaded_image1_1615474536.jpg"
"1767042573-559","https://sn.coinafrique.com/categorie/poules-lapins-et-pigeons","Brahmâ","12 500CFA","Dakar, Sénégal","https://images.coinafrique.com/thumb_2984079_uploaded_image1_1614854523.jpg"
"1767042573-560","https://sn.coinafrique.com/categorie/poules-lapins-et-pigeons","Lapereaux Angora","15 000CFA","HLM, Dakar, Sénégal","https://images.coinafrique.com/thumb_2981287_uploaded_image1_1614727616.jpg"
"1767042573-561","https://sn.coinafrique.com/categorie/poules-lapins-et-pigeons","Lapin Nain","30 000CFA","Ngor, Dakar, Sénégal","https://images.coinafrique.com/thumb_2979256_uploaded_image1_1614674197.jpg"
"1767042573-562","https://sn.coinafrique.com/categorie/poules-lapins-et-pigeons","Poulet","2 500CFA","Yoff, Dakar, Sénégal","https://images.coinafrique.com/thumb_2976666_uploaded_image1_1614589003.jpg"
"1767042573-563","https://sn.coinafrique.com/categorie/poules-lapins-et-pigeons","Poussin  - 1  jour","Prix sur demande","Dakar, Sénégal","https://images.coinafrique.com/thumb_2974676_uploaded_image1_1614452359.jpg"
"1767042573-564","https://sn.coinafrique.com/categorie/poules-lapins-et-pigeons","Lapins","15 000CFA","Guediawaye, Dakar, Sénégal","https://images.coinafrique.com/thumb_2970567_uploaded_image1_1614250380.jpg"
"1767042573-565","https://sn.coinafrique.com/categorie/poules-lapins-et-pigeons","Pigeon Cokier","45 000CFA","M'bour, Sénégal","https://images.coinafrique.com/thumb_2954851_uploaded_image1_1613494967.jpg"
"1767042573-566","https://sn.coinafrique.com/categorie/poules-lapins-et-pigeons","Poussin brahman","3 000CFA","Medina, Dakar, Sénégal","https://images.coinafrique.com/thumb_2950921_uploaded_image1_1613311102.jpg"
"1767042573-567","https://sn.coinafrique.com/categorie/poules-lapins-et-pigeons","Poussins fermiers","10 000CFA","Dakar, Sénégal","https://images.coinafrique.com/thumb_2950193_uploaded_image1_1613251191.jpg"
"1767042573-568","https://sn.coinafrique.com/categorie/poules-lapins-et-pigeons","Poussin brahmâ blanc hermine","10 000CFA","Dakar, Sénégal","https://images.coinafrique.com/thumb_2950013_uploaded_image1_1613239360.jpg"
"1767042573-569","https://sn.coinafrique.com/categorie/poules-lapins-et-pigeons","Poussin brahmâ hermine","10 000CFA","Dakar, Sénégal","https://images.coinafrique.com/thumb_2949738_uploaded_image1_1613229441.jpg"
"1767042573-570","https://sn.coinafrique.com/categorie/poules-lapins-et-pigeons","Pigeons","40 000CFA","Mbour, Sénégal","https://images.coinafrique.com/thumb_2944254_uploaded_image1_1612982200.jpg"
"1767042573-571","https://sn.coinafrique.com/categorie/poules-lapins-et-pigeons","Pigeons","30 000CFA","Joal Fadiouth, Sénégal","https://images.coinafrique.com/thumb_2942609_uploaded_image1_1612913202.jpg"
"1767042573-572","https://sn.coinafrique.com/categorie/poules-lapins-et-pigeons","Lapereaux rex tricolore","Prix sur demande","Mbour, Sénégal","https://images.coinafrique.com/thumb_2932849_uploaded_image1_1612486492.jpg"
"1767042573-573","https://sn.coinafrique.com/categorie/poules-lapins-et-pigeons","Poulets de chair","3 000CFA","Ouakam, Dakar, Sénégal","https://images.coinafrique.com/thumb_2923781_uploaded_image1_1612184473.jpg"
"1767042573-574","https://sn.coinafrique.com/categorie/poules-lapins-et-pigeons","Pigeon Lahore","40 000CFA","Dakar, Sénégal","https://images.coinafrique.com/thumb_2921833_uploaded_image1_1612100438.jpg"
"1767042573-575","https://sn.coinafrique.com/categorie/poules-lapins-et-pigeons","Pigeon Laor","40 000CFA","Dakar, Sénégal","https://images.coinafrique.com/thumb_2921831_uploaded_image1_1612100375.jpg"
"1767042573-576","https://sn.coinafrique.com/categorie/poules-lapins-et-pigeons","Poulet","Prix sur demande","Dakar, Sénégal","https://images.coinafrique.com/thumb_2921773_uploaded_image1_1612098138.jpg"
"1767042573-577","https://sn.coinafrique.com/categorie/poules-lapins-et-pigeons","Paire pigeon Boulons","50 000CFA","Dakar, Sénégal","https://images.coinafrique.com/thumb_2921717_uploaded_image1_1612095131.jpg"
"1767042573-578","https://sn.coinafrique.com/categorie/poules-lapins-et-pigeons","Paire pigeon Coschoi","70 000CFA","Dakar, Sénégal","https://images.coinafrique.com/thumb_2921695_uploaded_image1_1612094191.jpg"
"1767042573-579","https://sn.coinafrique.com/categorie/poules-lapins-et-pigeons","Paire pigeon Romain","80 000CFA","Dakar, Sénégal","https://images.coinafrique.com/thumb_2921690_uploaded_image1_1612093907.jpg"
"1767042573-580","https://sn.coinafrique.com/categorie/poules-lapins-et-pigeons","Pigeon Karavaty chinoise","15 000CFA","Dakar, Sénégal","https://images.coinafrique.com/thumb_2921677_uploaded_image1_1612093526.jpg"
"1767042573-581","https://sn.coinafrique.com/categorie/poules-lapins-et-pigeons","Poulet Brahmâ blanc","30 000CFA","Dakar, Sénégal","https://images.coinafrique.com/thumb_2917728_uploaded_image1_1611862925.jpg"
"1767042573-582","https://sn.coinafrique.com/categorie/poules-lapins-et-pigeons","Coq Brahmâ blanc","35 000CFA","Dakar, Sénégal","https://images.coinafrique.com/thumb_2917722_uploaded_image1_1611862785.jpg"
"1767042573-583","https://sn.coinafrique.com/categorie/poules-lapins-et-pigeons","Poulet Brahma","35 000CFA","Dakar, Sénégal","https://images.coinafrique.com/thumb_2917717_uploaded_image1_1611862617.jpg"
"1767042573-584","https://sn.coinafrique.com/categorie/poules-lapins-et-pigeons","Poule cochin","40 000CFA","Medina, Dakar, Sénégal","https://images.coinafrique.com/thumb_2907921_uploaded_image1_1611416785.jpg"
"1767042573-585","https://sn.coinafrique.com/categorie/poules-lapins-et-pigeons","Cochin caillouté","Prix sur demande","Keur Massar, Sénégal","https://images.coinafrique.com/thumb_2899128_uploaded_image1_1611044213.jpg"
"1767042573-586","https://sn.coinafrique.com/categorie/poules-lapins-et-pigeons","Dindes et poulets de chair","Prix sur demande","Mbour, Sénégal","https://images.coinafrique.com/thumb_2886105_uploaded_image1_1610468092.jpg"
"1767042573-587","https://sn.coinafrique.com/categorie/poules-lapins-et-pigeons","Poulets","2 500CFA","HLM, Dakar, Sénégal","https://images.coinafrique.com/thumb_2880530_uploaded_image1_1610226236.jpg"
"1767042573-588","https://sn.coinafrique.com/categorie/poules-lapins-et-pigeons","Pigeons","Prix sur demande","Bargny, Sénégal","https://images.coinafrique.com/thumb_2853881_uploaded_image1_1609011772.jpg"
"1767042573-589","https://sn.coinafrique.com/categorie/poules-lapins-et-pigeons","Coq Cochin blanc","35 000CFA","Thies, Sénégal","https://images.coinafrique.com/thumb_2850705_uploaded_image1_1608816820.jpg"
"1767042573-590","https://sn.coinafrique.com/categorie/poules-lapins-et-pigeons","Œufs à couver","115 000CFA","Ouakam, Dakar, Sénégal","https://images.coinafrique.com/thumb_2849328_uploaded_image1_1608745484.jpg"
"1767042573-591","https://sn.coinafrique.com/categorie/poules-lapins-et-pigeons","Pigeon Mondain","Prix sur demande","Rufisque, Sénégal","https://images.coinafrique.com/thumb_2838626_uploaded_image1_1608276056.jpg"
"1767042573-592","https://sn.coinafrique.com/categorie/poules-lapins-et-pigeons","Male cochin caïllouté","Prix sur demande","Keur Massar, Sénégal","https://images.coinafrique.com/thumb_2824883_uploaded_image1_1607700865.jpg"
"1767042573-593","https://sn.coinafrique.com/categorie/poules-lapins-et-pigeons","Pigeons texans","75 000CFA","Cambérène, Dakar, Sénégal","https://images.coinafrique.com/thumb_2813598_uploaded_image1_1607288329.jpg"
"1767042573-594","https://sn.coinafrique.com/categorie/poules-lapins-et-pigeons","Lapin nains","35 000CFA","Dakar, Sénégal","https://images.coinafrique.com/thumb_2787066_uploaded_image1_1606316714.jpg"
"1767042573-595","https://sn.coinafrique.com/categorie/poules-lapins-et-pigeons","Cailles + œufs de caille","6 000CFA","Dakar Plateau, Dakar, Sénégal","https://images.coinafrique.com/thumb_2777887_uploaded_image1_1605969642.jpg"
"1767042573-596","https://sn.coinafrique.com/categorie/poules-lapins-et-pigeons","Poulets de chair","3 000CFA","Dakar, Sénégal","https://images.coinafrique.com/thumb_2771365_uploaded_image1_1605717090.jpg"
"1767042573-597","https://sn.coinafrique.com/categorie/poules-lapins-et-pigeons","Pigeon","20 000CFA","Mbao, Dakar, Sénégal","https://images.coinafrique.com/thumb_2753197_uploaded_image1_1605050172.jpg"
"1767042573-598","https://sn.coinafrique.com/categorie/poules-lapins-et-pigeons","Pigeon boulant pomeranie","60 000CFA","Mbao, Dakar, Sénégal","https://images.coinafrique.com/thumb_2753142_uploaded_image1_1605047412.jpg"
"1767042573-599","https://sn.coinafrique.com/categorie/poules-lapins-et-pigeons","Métisses boulan - mondain","25 000CFA","Louga, Sénégal","https://images.coinafrique.com/thumb_2747317_uploaded_image1_1604842927.jpg"
"1767042573-600","https://sn.coinafrique.com/categorie/poules-lapins-et-pigeons","Brahmane","35 000CFA","Louga, Sénégal","https://images.coinafrique.com/thumb_2747312_uploaded_image1_1604842724.jpg"
"1767042573-601","https://sn.coinafrique.com/categorie/poules-lapins-et-pigeons","Dindes","Prix sur demande","Guediawaye, Dakar, Sénégal","https://images.coinafrique.com/thumb_2743094_uploaded_image1_1604668932.jpg"
"1767042573-602","https://sn.coinafrique.com/categorie/poules-lapins-et-pigeons","Voyageurs à manteaux","30 000CFA","Cambérène, Dakar, Sénégal","https://images.coinafrique.com/thumb_2742963_uploaded_image1_1604666266.jpg"
"1767042573-603","https://sn.coinafrique.com/categorie/poules-lapins-et-pigeons","Pigeon mondain - pigeons texans","Prix sur demande","Dakar, Sénégal","https://images.coinafrique.com/thumb_2742216_uploaded_image1_1604649341.jpg"
"1767042573-604","https://sn.coinafrique.com/categorie/poules-lapins-et-pigeons","Mondains blancs","200 000CFA","Cambérène, Dakar, Sénégal","https://images.coinafrique.com/thumb_2739851_uploaded_image1_1604571811.jpg"
"1767042573-605","https://sn.coinafrique.com/categorie/poules-lapins-et-pigeons","Lapin géant Flandre","Prix sur demande","Hann Bel-Air, Dakar, Sénégal","https://images.coinafrique.com/thumb_2735556_uploaded_image1_1604425922.jpg"
"1767042573-606","https://sn.coinafrique.com/categorie/poules-lapins-et-pigeons","Pigeons frisés milanais","75 000CFA","Cambérène, Dakar, Sénégal","https://images.coinafrique.com/thumb_2728978_uploaded_image1_1604187368.jpg"
"1767042573-607","https://sn.coinafrique.com/categorie/poules-lapins-et-pigeons","Lapin / Géant de Flandre","40 000CFA","Hann Bel-Air, Dakar, Sénégal","https://images.coinafrique.com/thumb_2723627_uploaded_image1_1603897714.jpg"
"1767042573-608","https://sn.coinafrique.com/categorie/poules-lapins-et-pigeons","Poule Baraman","Prix sur demande","Bargny, Sénégal","https://images.coinafrique.com/thumb_2712048_uploaded_image1_1603379295.jpg"
"1767042573-609","https://sn.coinafrique.com/categorie/poules-lapins-et-pigeons","Cochin caïllouté","Prix sur demande","Keur Massar, Sénégal","https://images.coinafrique.com/thumb_2711749_uploaded_image1_1603372819.jpg"
"1767042573-610","https://sn.coinafrique.com/categorie/poules-lapins-et-pigeons","Cochin blanc","Prix sur demande","Keur Massar, Sénégal","https://images.coinafrique.com/thumb_2711734_uploaded_image1_1603372455.jpg"
"1767042573-611","https://sn.coinafrique.com/categorie/poules-lapins-et-pigeons","Pigeon","Prix sur demande","Cambérène, Dakar, Sénégal","https://images.coinafrique.com/thumb_2697330_uploaded_image1_1602779150.jpg"
"1767042573-612","https://sn.coinafrique.com/categorie/poules-lapins-et-pigeons","Couple texan","35 000CFA","Keur Massar, Sénégal","https://images.coinafrique.com/thumb_2695680_uploaded_image1_1602716686.jpg"
"1767042573-613","https://sn.coinafrique.com/categorie/poules-lapins-et-pigeons","Pigeon","25 000CFA","Gibraltar, Dakar, Sénégal","https://images.coinafrique.com/thumb_2689453_uploaded_image1_1602511661.jpg"
"1767042573-614","https://sn.coinafrique.com/categorie/poules-lapins-et-pigeons","Poulet Cochin blanc","50 000CFA","Dakar, Sénégal","https://images.coinafrique.com/thumb_2687766_uploaded_image1_1602445033.jpg"
"1767042573-615","https://sn.coinafrique.com/categorie/poules-lapins-et-pigeons","Pigeons mâles king","55 000CFA","Dakar, Sénégal","https://images.coinafrique.com/thumb_2687762_uploaded_image1_1602444932.jpg"
"1767042573-616","https://sn.coinafrique.com/categorie/poules-lapins-et-pigeons","5 femelle - 1 mâle cochin","Prix sur demande","Dakar, Sénégal","https://images.coinafrique.com/thumb_2685913_uploaded_image1_1602360787.jpg"
"1767042573-617","https://sn.coinafrique.com/categorie/poules-lapins-et-pigeons","Poulets","Prix sur demande","Dakar, Sénégal","https://images.coinafrique.com/thumb_2685886_uploaded_image1_1602359909.jpg"
"1767042573-618","https://sn.coinafrique.com/categorie/poules-lapins-et-pigeons","Lapin métisse","10 000CFA","Keur Massar, Sénégal","https://images.coinafrique.com/thumb_2683357_uploaded_image1_1602258164.jpg"
"1767042573-619","https://sn.coinafrique.com/categorie/poules-lapins-et-pigeons","Brahmanes de pure race - peruches ondulés","25 000CFA","Dakar, Sénégal","https://images.coinafrique.com/thumb_2678983_uploaded_image1_1602106099.jpg"
"1767042573-620","https://sn.coinafrique.com/categorie/poules-lapins-et-pigeons","Poules","20 000CFA","Keur Massar, Sénégal","https://images.coinafrique.com/thumb_2673317_uploaded_image1_1601899857.jpg"
"1767042573-621","https://sn.coinafrique.com/categorie/poules-lapins-et-pigeons","Pigeons mondains","200 000CFA","Mbour, Sénégal","https://images.coinafrique.com/thumb_2663305_uploaded_image1_1601545362.jpg"
"1767042573-622","https://sn.coinafrique.com/categorie/poules-lapins-et-pigeons","Pigeons frisés milanais","1 000CFA","Cambérène, Dakar, Sénégal","https://images.coinafrique.com/thumb_2661323_uploaded_image1_1601466041.jpg"
"1767042573-623","https://sn.coinafrique.com/categorie/poules-lapins-et-pigeons","Pigeon - Couple Texen","35 000CFA","Mbao, Dakar, Sénégal","https://images.coinafrique.com/thumb_2655212_uploaded_image1_1601230092.jpg"
"1767042573-624","https://sn.coinafrique.com/categorie/poules-lapins-et-pigeons","Lapin géant Angoura","15 000CFA","Dakar, Sénégal","https://images.coinafrique.com/thumb_2644118_uploaded_image1_1600776918.jpg"
"1767042573-625","https://sn.coinafrique.com/categorie/poules-lapins-et-pigeons","Poule Cochin cailloutée","180 000CFA","Dakar, Sénégal","https://images.coinafrique.com/thumb_2641987_uploaded_image1_1600702005.jpg"
"1767042573-626","https://sn.coinafrique.com/categorie/poules-lapins-et-pigeons","Mondains standard 2019","Prix sur demande","Dakar, Sénégal","https://images.coinafrique.com/thumb_2640136_uploaded_image1_1600630061.jpg"
"1767042573-627","https://sn.coinafrique.com/categorie/poules-lapins-et-pigeons","Pigeons voyageurs","Prix sur demande","Cambérène, Dakar, Sénégal","https://images.coinafrique.com/thumb_2640132_uploaded_image1_1600629959.jpg"
"1767042573-628","https://sn.coinafrique.com/categorie/poules-lapins-et-pigeons","Lapins nains","35 000CFA","Parcelle Assainies, Dakar, Sénégal","https://images.coinafrique.com/thumb_2640044_uploaded_image1_1600626910.jpg"
"1767042573-629","https://sn.coinafrique.com/categorie/poules-lapins-et-pigeons","Lapins nains","30 000CFA","Parcelle Assainies, Dakar, Sénégal","https://images.coinafrique.com/thumb_2640033_uploaded_image1_1600626505.jpg"
"1767042573-630","https://sn.coinafrique.com/categorie/poules-lapins-et-pigeons","Poulets brahman","25 000CFA","Guediawaye, Dakar, Sénégal","https://images.coinafrique.com/thumb_2631399_uploaded_image1_1600290648.jpg"
"1767042573-631","https://sn.coinafrique.com/categorie/poules-lapins-et-pigeons","Couple Texan","45 000CFA","Mbao, Dakar, Sénégal","https://images.coinafrique.com/thumb_2627818_uploaded_image1_1600179722.jpg"
"1767042573-632","https://sn.coinafrique.com/categorie/poules-lapins-et-pigeons","Poule rouge & bleus d'Hollande","10 000CFA","Thies, Sénégal","https://images.coinafrique.com/thumb_2625194_uploaded_image1_1600090474.jpg"
"1767042573-633","https://sn.coinafrique.com/categorie/poules-lapins-et-pigeons","Pigeon voyageur","Prix sur demande","Keur Massar, Sénégal","https://images.coinafrique.com/thumb_2621772_uploaded_image1_1599939192.jpg"
"1767042573-634","https://sn.coinafrique.com/categorie/poules-lapins-et-pigeons","Pigeons Boulant De Saxe adultes","40 000CFA","Guediawaye, Dakar, Sénégal","https://images.coinafrique.com/thumb_2617019_uploaded_image1_1599763487.jpg"
"1767042573-635","https://sn.coinafrique.com/categorie/poules-lapins-et-pigeons","Couple Texan","55 000CFA","Mbao, Dakar, Sénégal","https://images.coinafrique.com/thumb_2615679_uploaded_image1_1599734824.jpg"
"1767042573-636","https://sn.coinafrique.com/categorie/poules-lapins-et-pigeons","Couple texan","45 000CFA","Mbao, Dakar, Sénégal","https://images.coinafrique.com/thumb_2608792_uploaded_image1_1599519768.jpg"
"1767042573-637","https://sn.coinafrique.com/categorie/poules-lapins-et-pigeons","Paire Cohen Barman","65 000CFA","Ndiass, Sénégal","https://images.coinafrique.com/thumb_2605030_uploaded_image1_1599401534.jpg"
"1767042573-638","https://sn.coinafrique.com/categorie/poules-lapins-et-pigeons","Pigeon ordinaire","1 000CFA","Mbour, Sénégal","https://images.coinafrique.com/thumb_2604620_uploaded_image1_1599388255.jpg"
"1767042573-639","https://sn.coinafrique.com/categorie/poules-lapins-et-pigeons","Pigeon voyageur","4 000CFA","Ouakam, Dakar, Sénégal","https://images.coinafrique.com/thumb_2600934_uploaded_image1_1599238239.jpg"
"1767042573-640","https://sn.coinafrique.com/categorie/poules-lapins-et-pigeons","Bramah  - hermineh  -frises blancs","25 000CFA","Sicap Liberté, Dakar, Sénégal","https://images.coinafrique.com/thumb_2591465_uploaded_image1_1598970772.jpg"
"1767042573-641","https://sn.coinafrique.com/categorie/poules-lapins-et-pigeons","Poussins","Prix sur demande","Keur Massar, Sénégal","https://images.coinafrique.com/thumb_2586569_uploaded_image1_1598802371.jpg"
"1767042573-642","https://sn.coinafrique.com/categorie/poules-lapins-et-pigeons","Poulets","3 000CFA","Dakar, Sénégal","https://images.coinafrique.com/thumb_2577823_uploaded_image1_1598451435.jpg"
"1767042573-643","https://sn.coinafrique.com/categorie/poules-lapins-et-pigeons","Poules Brahman","15 000CFA","Keur Massar, Sénégal","https://images.coinafrique.com/thumb_2572060_uploaded_image1_1598279843.jpg"
"1767042573-644","https://sn.coinafrique.com/categorie/poules-lapins-et-pigeons","Pigeons cravaté chinois","15 000CFA","Keur Massar, Sénégal","https://images.coinafrique.com/thumb_2566760_uploaded_image1_1598102409.jpg"
"1767042573-645","https://sn.coinafrique.com/categorie/poules-lapins-et-pigeons","Pigeons dragon blanc sec & voyageur","15 000CFA","Keur Massar, Sénégal","https://images.coinafrique.com/thumb_2561021_uploaded_image1_1597934615.jpg"
"1767042573-646","https://sn.coinafrique.com/categorie/poules-lapins-et-pigeons","Brahman colombia","Prix sur demande","Keur Massar, Sénégal","https://images.coinafrique.com/thumb_2560354_uploaded_image1_1597924245.jpg"
"1767042573-647","https://sn.coinafrique.com/categorie/poules-lapins-et-pigeons","Lapin nain","35 000CFA","Parcelle Assainies, Dakar, Sénégal","https://images.coinafrique.com/thumb_2541523_uploaded_image1_1597358026.jpg"
"1767042573-648","https://sn.coinafrique.com/categorie/poules-lapins-et-pigeons","Lapin nain","30 000CFA","Parcelle Assainies, Dakar, Sénégal","https://images.coinafrique.com/thumb_2541503_uploaded_image1_1597357353.jpg"
"1767042573-649","https://sn.coinafrique.com/categorie/poules-lapins-et-pigeons","Pigeons","Prix sur demande","Mboro, Sénégal","https://images.coinafrique.com/thumb_2521008_uploaded_image1_1596768507.jpg"
"1767042573-650","https://sn.coinafrique.com/categorie/poules-lapins-et-pigeons","Poulet - oeuf","Prix sur demande","Hann Bel-Air, Dakar, Sénégal","https://images.coinafrique.com/thumb_2516606_uploaded_image1_1596653482.jpg"
"1767042573-651","https://sn.coinafrique.com/categorie/poules-lapins-et-pigeons","Pigeon allemand","50 000CFA","Mbao, Dakar, Sénégal","https://images.coinafrique.com/thumb_2516109_uploaded_image1_1596644250.jpg"
"1767042573-652","https://sn.coinafrique.com/categorie/poules-lapins-et-pigeons","Poussins brahman colombia","Prix sur demande","Keur Massar, Sénégal","https://images.coinafrique.com/thumb_2513890_uploaded_image1_1596608950.jpg"
"1767042573-653","https://sn.coinafrique.com/categorie/poules-lapins-et-pigeons","Paons","5 000CFA","Mbao, Dakar, Sénégal","https://images.coinafrique.com/thumb_2511822_uploaded_image1_1596551448.jpg"
"1767042573-654","https://sn.coinafrique.com/categorie/poules-lapins-et-pigeons","Pigeon voyageur","7 000CFA","Mbao, Dakar, Sénégal","https://images.coinafrique.com/thumb_2507523_uploaded_image1_1596456276.jpg"
"1767042573-655","https://sn.coinafrique.com/categorie/poules-lapins-et-pigeons","Pigeon voyageur","7 000CFA","Mbao, Dakar, Sénégal","https://images.coinafrique.com/thumb_2505095_uploaded_image1_1596378141.jpg"
"1767042573-656","https://sn.coinafrique.com/categorie/poules-lapins-et-pigeons","Lapin femelle","25 000CFA","Fass, Dakar, Sénégal","https://images.coinafrique.com/thumb_2501399_uploaded_image1_1596221963.jpg"
"1767042573-657","https://sn.coinafrique.com/categorie/poules-lapins-et-pigeons","Pigeon boulant de pomerani mâle","50 000CFA","Guediawaye, Dakar, Sénégal","https://images.coinafrique.com/thumb_2499730_uploaded_image1_1596141952.jpg"
"1767042573-658","https://sn.coinafrique.com/categorie/poules-lapins-et-pigeons","Pigeon voyageur","Prix sur demande","Dakar, Sénégal","https://images.coinafrique.com/thumb_2463056_uploaded_image1_1595273844.jpg"
"1767042573-659","https://sn.coinafrique.com/categorie/poules-lapins-et-pigeons","Poussîns","480CFA","Dakar Plateau, Dakar, Sénégal","https://images.coinafrique.com/thumb_2455108_uploaded_image1_1595083998.jpg"
"1767042573-660","https://sn.coinafrique.com/categorie/poules-lapins-et-pigeons","Poulet","3 000CFA","Patte d'oie, Dakar, Sénégal","https://images.coinafrique.com/thumb_2450669_uploaded_image1_1594987392.jpg"
"1767042573-661","https://sn.coinafrique.com/categorie/poules-lapins-et-pigeons","Lapins","20 000CFA","Keur Massar, Sénégal","https://images.coinafrique.com/thumb_2429419_uploaded_image1_1594546501.jpg"
"1767042573-662","https://sn.coinafrique.com/categorie/poules-lapins-et-pigeons","Pigeons","40 000CFA","Mbour, Sénégal","https://images.coinafrique.com/thumb_2421679_uploaded_image1_1594369562.jpg"
"1767042573-663","https://sn.coinafrique.com/categorie/poules-lapins-et-pigeons","Poussin brahmane","12 500CFA","Dakar, Sénégal","https://images.coinafrique.com/thumb_2421069_uploaded_image1_1594340902.jpg"
"1767042573-664","https://sn.coinafrique.com/categorie/poules-lapins-et-pigeons","Poussins Brahman","Prix sur demande","Keur Massar, Sénégal","https://images.coinafrique.com/thumb_2397001_uploaded_image1_1593963655.jpg"
"1767042573-665","https://sn.coinafrique.com/categorie/poules-lapins-et-pigeons","Cailles","12 500CFA","Keur Massar, Sénégal","https://images.coinafrique.com/thumb_2394348_uploaded_image1_1593899461.jpg"
"1767042573-666","https://sn.coinafrique.com/categorie/poules-lapins-et-pigeons","Colvert","25 000CFA","Keur Massar, Sénégal","https://images.coinafrique.com/thumb_2373373_uploaded_image1_1593556758.jpg"
"1767042573-667","https://sn.coinafrique.com/categorie/poules-lapins-et-pigeons","Poule de race","15 000CFA","Dakar, Sénégal","https://images.coinafrique.com/thumb_2351149_uploaded_image1_1593181470.jpg"
"1767042573-668","https://sn.coinafrique.com/categorie/poules-lapins-et-pigeons","Lapins","50 000CFA","Dakar, Sénégal","https://images.coinafrique.com/thumb_2349641_uploaded_image1_1593167061.jpg"
"1767042573-669","https://sn.coinafrique.com/categorie/poules-lapins-et-pigeons","Poules bleu Hollande","2 000CFA","Diourbel, Sénégal","https://images.coinafrique.com/thumb_2336310_uploaded_image1_1592955606.jpg"
"1767042573-670","https://sn.coinafrique.com/categorie/poules-lapins-et-pigeons","Lince","70 000CFA","Dakar, Sénégal","https://images.coinafrique.com/thumb_2323612_uploaded_image1_1592765525.jpg"
"1767042573-671","https://sn.coinafrique.com/categorie/poules-lapins-et-pigeons","Pigeons","70 000CFA","Dakar, Sénégal","https://images.coinafrique.com/thumb_2323545_uploaded_image1_1592764300.jpg"
"1767042573-672","https://sn.coinafrique.com/categorie/poules-lapins-et-pigeons","Paon - pigeon","35 000CFA","Dakar, Sénégal","https://images.coinafrique.com/thumb_2323541_uploaded_image1_1592764212.jpg"
"1767042573-673","https://sn.coinafrique.com/categorie/poules-lapins-et-pigeons","Poussins Brahmane blanc","10 000CFA","Dakar, Sénégal","https://images.coinafrique.com/thumb_2321103_uploaded_image1_1592726101.jpg"
"1767042573-674","https://sn.coinafrique.com/categorie/poules-lapins-et-pigeons","Pigeons","60 000CFA","Dakar, Sénégal","https://images.coinafrique.com/thumb_2321099_uploaded_image1_1592725966.jpg"
"1767042573-675","https://sn.coinafrique.com/categorie/poules-lapins-et-pigeons","Cauchoix pair","70 000CFA","Dakar, Sénégal","https://images.coinafrique.com/thumb_2321095_uploaded_image1_1592725829.jpg"
"1767042573-676","https://sn.coinafrique.com/categorie/poules-lapins-et-pigeons","Lapin - lapereaux","20 000CFA","Parcelle Assainies, Dakar, Sénégal","https://images.coinafrique.com/thumb_2297368_uploaded_image1_1592352689.jpg"
"1767042573-677","https://sn.coinafrique.com/categorie/poules-lapins-et-pigeons","Poulet de chair","3 000CFA","Mbour, Sénégal","https://images.coinafrique.com/thumb_2289615_uploaded_image1_1592241607.jpg"
"1767042573-678","https://sn.coinafrique.com/categorie/poules-lapins-et-pigeons","Poulet","40 000CFA","Dakar, Sénégal","https://images.coinafrique.com/thumb_2284393_uploaded_image1_1592163359.jpg"
"1767042573-679","https://sn.coinafrique.com/categorie/poules-lapins-et-pigeons","Poules","40 000CFA","Dakar, Sénégal","https://images.coinafrique.com/thumb_2284382_uploaded_image1_1592163164.jpg"
"1767042573-680","https://sn.coinafrique.com/categorie/poules-lapins-et-pigeons","Cochin","40 000CFA","Dakar, Sénégal","https://images.coinafrique.com/thumb_2283654_uploaded_image1_1592152413.jpg"
"1767042573-681","https://sn.coinafrique.com/categorie/poules-lapins-et-pigeons","Cochin coucou","40 000CFA","Dakar, Sénégal","https://images.coinafrique.com/thumb_2283626_uploaded_image1_1592152112.jpg"
"1767042573-682","https://sn.coinafrique.com/categorie/poules-lapins-et-pigeons","Culbita rakovni","40 000CFA","Mermoz-Sacré-Cœur, Dakar, Sénégal","https://images.coinafrique.com/thumb_2270078_uploaded_image1_1591913628.5.jpeg"
"1767042573-683","https://sn.coinafrique.com/categorie/poules-lapins-et-pigeons","Couple bramane productrice","65 000CFA","Rufisque, Sénégal","https://images.coinafrique.com/thumb_2263150_uploaded_image1_1591826889.jpg"
"1767042573-684","https://sn.coinafrique.com/categorie/poules-lapins-et-pigeons","Jeunes mâles brahman","Prix sur demande","Keur Massar, Sénégal","https://images.coinafrique.com/thumb_2258568_uploaded_image1_1591778766.jpg"
"1767042573-685","https://sn.coinafrique.com/categorie/poules-lapins-et-pigeons","Poussin brahmane","12 500CFA","Dakar, Sénégal","https://images.coinafrique.com/thumb_2257189_uploaded_image1_1591743386.jpg"
"1767042573-686","https://sn.coinafrique.com/categorie/poules-lapins-et-pigeons","Poussin brahmane","12 500CFA","Dakar, Sénégal","https://images.coinafrique.com/thumb_2257183_uploaded_image1_1591743270.jpg"
"1767042573-687","https://sn.coinafrique.com/categorie/poules-lapins-et-pigeons","Lapins","15 000CFA","Dakar, Sénégal","https://images.coinafrique.com/thumb_2229912_uploaded_image1_1591309427.jpg"
"1767042573-688","https://sn.coinafrique.com/categorie/poules-lapins-et-pigeons","Lapins Angora française","15 000CFA","HLM, Dakar, Sénégal","https://images.coinafrique.com/thumb_2223516_uploaded_image1_1591222379.jpg"
"1767042573-689","https://sn.coinafrique.com/categorie/poules-lapins-et-pigeons","Lapin","20 000CFA","Parcelle Assainies, Dakar, Sénégal","https://images.coinafrique.com/thumb_2221541_uploaded_image1_1591196081.jpg"
"1767042573-690","https://sn.coinafrique.com/categorie/poules-lapins-et-pigeons","Lapin","15 000CFA","Parcelle Assainies, Dakar, Sénégal","https://images.coinafrique.com/thumb_2221308_uploaded_image1_1591193544.jpg"
"1767042573-691","https://sn.coinafrique.com/categorie/poules-lapins-et-pigeons","poulet","2 500CFA","Parcelle Assainies, Dakar, Sénégal","https://images.coinafrique.com/thumb_2218341_uploaded_image1_1591159723.jpg"
"1767042573-692","https://sn.coinafrique.com/categorie/poules-lapins-et-pigeons","Pigeon lavande","35 000CFA","Cambérène, Dakar, Sénégal","https://images.coinafrique.com/thumb_2203490_uploaded_image1_1590929887.jpg"
"1767042573-693","https://sn.coinafrique.com/categorie/poules-lapins-et-pigeons","Poulet mâle","2 200CFA","Keur Massar, Sénégal","https://images.coinafrique.com/thumb_2172605_uploaded_image1_1590453736.jpg"
"1767042573-694","https://sn.coinafrique.com/categorie/poules-lapins-et-pigeons","Poulet","3 000CFA","Dakar Plateau, Dakar, Sénégal","https://images.coinafrique.com/thumb_2132014_uploaded_image1_1589793253.jpg"
"1767042573-695","https://sn.coinafrique.com/categorie/poules-lapins-et-pigeons","Poulet Bleu hollandais","30 000CFA","Keur Massar, Sénégal","https://images.coinafrique.com/thumb_2106379_uploaded_image1_1589378473.jpg"
"1767042573-696","https://sn.coinafrique.com/categorie/poules-lapins-et-pigeons","Couple Pigeon Cravate","30 000CFA","Cambérène, Dakar, Sénégal","https://images.coinafrique.com/thumb_2082389_uploaded_image1_1588989025.jpg"
"1767042573-697","https://sn.coinafrique.com/categorie/poules-lapins-et-pigeons","Poulet","4 200CFA","Dakar, Sénégal","https://images.coinafrique.com/thumb_2021584_uploaded_image1_1588073587.jpg"
"1767042573-698","https://sn.coinafrique.com/categorie/poules-lapins-et-pigeons","Poulets à vendre et oeufs","2 200CFA","Keur Massar, Sénégal","https://images.coinafrique.com/thumb_2002375_uploaded_image1_1587741273.jpg"
"1767042573-699","https://sn.coinafrique.com/categorie/poules-lapins-et-pigeons","Poulets","3 000CFA","Dakar, Sénégal","https://images.coinafrique.com/thumb_2001942_uploaded_image2_1587735661.98.jpeg"
"1767042573-700","https://sn.coinafrique.com/categorie/poules-lapins-et-pigeons","Oie","35 000CFA","Dakar, Sénégal","https://images.coinafrique.com/thumb_1997244_uploaded_image1_1587667066.jpg"
"1767042573-701","https://sn.coinafrique.com/categorie/poules-lapins-et-pigeons","Couple Laor","50 000CFA","Dakar, Sénégal","https://images.coinafrique.com/thumb_1995210_uploaded_image1_1587646147.jpg"
"1767042573-702","https://sn.coinafrique.com/categorie/poules-lapins-et-pigeons","Couple  Laor","50 000CFA","Dakar, Sénégal","https://images.coinafrique.com/thumb_1995183_uploaded_image1_1587645917.jpg"
"1767042573-703","https://sn.coinafrique.com/categorie/poules-lapins-et-pigeons","Pigeons","50 000CFA","Dakar, Sénégal","https://images.coinafrique.com/thumb_1995134_uploaded_image1_1587645507.jpg"
"1767042573-704","https://sn.coinafrique.com/categorie/poules-lapins-et-pigeons","Couple Laor","50 000CFA","Dakar, Sénégal","https://images.coinafrique.com/thumb_1995115_uploaded_image1_1587645382.jpg"
"1767042573-705","https://sn.coinafrique.com/categorie/poules-lapins-et-pigeons","Pigeon","35 000CFA","Guediawaye, Dakar, Sénégal","https://images.coinafrique.com/thumb_1992182_uploaded_image1_1587592805.jpg"
"1767042573-706","https://sn.coinafrique.com/categorie/poules-lapins-et-pigeons","Poussins  brahman colombia","Prix sur demande","Keur Massar, Sénégal","https://images.coinafrique.com/thumb_1990096_uploaded_image1_1587571540.jpg"
"1767042573-707","https://sn.coinafrique.com/categorie/poules-lapins-et-pigeons","Poulets de chair","2 500CFA","Dieuppeul-Derklé, Dakar, Sénégal","https://images.coinafrique.com/thumb_1988804_uploaded_image1_1587553659.jpg"
"1767042573-708","https://sn.coinafrique.com/categorie/poules-lapins-et-pigeons","Couple Brahman","Prix sur demande","Keur Massar, Sénégal","https://images.coinafrique.com/thumb_1975396_uploaded_image1_1587342507.59.jpeg"
"1767042573-709","https://sn.coinafrique.com/categorie/poules-lapins-et-pigeons","Poussins nés le 8 avril","650CFA","Saly, Sénégal","https://images.coinafrique.com/thumb_1971696_uploaded_image1_1587287294.47.jpeg"
"1767042573-710","https://sn.coinafrique.com/categorie/poules-lapins-et-pigeons","Poulets","2 400CFA","Dakar, Sénégal","https://images.coinafrique.com/thumb_1963033_uploaded_image1_1587140018.16.jpeg"
"1767042573-711","https://sn.coinafrique.com/categorie/poules-lapins-et-pigeons","Poulets","2 400CFA","Dakar, Sénégal","https://images.coinafrique.com/thumb_1963021_uploaded_image1_1587139946.35.jpeg"
"1767042573-712","https://sn.coinafrique.com/categorie/poules-lapins-et-pigeons","Poulets de chairs","2 500CFA","Dakar, Sénégal","https://images.coinafrique.com/thumb_1934126_uploaded_image1_1586708547.66.png"
"1767042573-713","https://sn.coinafrique.com/categorie/poules-lapins-et-pigeons","Poulets","2 750CFA","Dakar, Sénégal","https://images.coinafrique.com/thumb_1918730_uploaded_image1_1586442251.23.png"
"1767042573-714","https://sn.coinafrique.com/categorie/poules-lapins-et-pigeons","Lapins","Prix sur demande","Dieuppeul-Derklé, Dakar, Sénégal","https://images.coinafrique.com/thumb_1913175_uploaded_image1_1586355015.48.png"
"1767042573-715","https://sn.coinafrique.com/categorie/poules-lapins-et-pigeons","Orpington","30 000CFA","Mermoz-Sacré-Cœur, Dakar, Sénégal","https://images.coinafrique.com/thumb_1913036_uploaded_image1_1586352896.21.png"
"1767042573-716","https://sn.coinafrique.com/categorie/poules-lapins-et-pigeons","Poulet","3 000CFA","Dakar, Sénégal","https://images.coinafrique.com/thumb_1907954_uploaded_image1_1586270049.67.png"
"1767042573-717","https://sn.coinafrique.com/categorie/poules-lapins-et-pigeons","Coq Orpitone","30 000CFA","Mermoz-Sacré-Cœur, Dakar, Sénégal","https://images.coinafrique.com/thumb_1890489_uploaded_image1_1585937996.82.png"
"1767042573-718","https://sn.coinafrique.com/categorie/poules-lapins-et-pigeons","Pigeons King","35 000CFA","Mermoz-Sacré-Cœur, Dakar, Sénégal","https://images.coinafrique.com/thumb_1890193_uploaded_image1_1585934383.75.png"
"1767042573-719","https://sn.coinafrique.com/categorie/poules-lapins-et-pigeons","Pigeons Laor","40 000CFA","Mermoz-Sacré-Cœur, Dakar, Sénégal","https://images.coinafrique.com/thumb_1890181_uploaded_image1_1585934252.04.png"
"1767042573-720","https://sn.coinafrique.com/categorie/poules-lapins-et-pigeons","Pigeons","30 000CFA","Mermoz-Sacré-Cœur, Dakar, Sénégal","https://images.coinafrique.com/thumb_1890093_uploaded_image1_1585933267.84.png"
"1767042573-721","https://sn.coinafrique.com/categorie/poules-lapins-et-pigeons","Pigeon paon","40 000CFA","Mermoz-Sacré-Cœur, Dakar, Sénégal","https://images.coinafrique.com/thumb_1890068_uploaded_image1_1585932988.65.png"
"1767042573-722","https://sn.coinafrique.com/categorie/poules-lapins-et-pigeons","Poulet de chair","2 500CFA","Keur Massar, Sénégal","https://images.coinafrique.com/thumb_1888745_uploaded_image1_1585919292.3.png"
"1767042573-723","https://sn.coinafrique.com/categorie/poules-lapins-et-pigeons","Pigeons Mondain / boulan","Prix sur demande","Louga, Sénégal","https://images.coinafrique.com/thumb_1856511_uploaded_image1_1585321343.73.png"
"1767042573-724","https://sn.coinafrique.com/categorie/poules-lapins-et-pigeons","Poulet de chair","3 000CFA","Rufisque, Sénégal","https://images.coinafrique.com/thumb_1842198_uploaded_image1_1585068914.59.png"
"1767042573-725","https://sn.coinafrique.com/categorie/poules-lapins-et-pigeons","Pigeon voyageur","13 000CFA","Dakar-Plateau, Dakar, Sénégal","https://images.coinafrique.com/thumb_1831100_uploaded_image1_1584866055.19.png"
"1767042573-726","https://sn.coinafrique.com/categorie/poules-lapins-et-pigeons","Pigeon voyageur","13 000CFA","Dakar-Plateau, Dakar, Sénégal","https://images.coinafrique.com/thumb_1831098_uploaded_image1_1584866026.02.png"
"1767042573-727","https://sn.coinafrique.com/categorie/poules-lapins-et-pigeons","Cop Brahma","40 000CFA","Parcelle Assainies, Dakar, Sénégal","https://images.coinafrique.com/thumb_1812172_uploaded_image1_1584528622.9.png"
"1767042573-728","https://sn.coinafrique.com/categorie/poules-lapins-et-pigeons","Poulet de chair","2 700CFA","Sénégal","https://images.coinafrique.com/thumb_1804847_uploaded_image1_1584408926.38.png"
"1767042573-729","https://sn.coinafrique.com/categorie/poules-lapins-et-pigeons","Paon indien","30 000CFA","Keur Massar, Sénégal","https://images.coinafrique.com/thumb_1804679_uploaded_image1_1584402291.56.png"
"1767042573-730","https://sn.coinafrique.com/categorie/poules-lapins-et-pigeons","Pigeon texan - Paon indien","60 000CFA","Dakar, Sénégal","https://images.coinafrique.com/thumb_1804522_uploaded_image1_1584398352.13.png"
"1767042573-731","https://sn.coinafrique.com/categorie/poules-lapins-et-pigeons","Pigeon texan paon indien","60 000CFA","Grand Yoff, Dakar, Sénégal","https://images.coinafrique.com/thumb_1804515_uploaded_image1_1584398280.63.png"
"1767042573-732","https://sn.coinafrique.com/categorie/poules-lapins-et-pigeons","Mâle bantam","20 000CFA","Keur Massar, Sénégal","https://images.coinafrique.com/thumb_1773437_uploaded_image1_1583858452.61.png"
"1767042573-733","https://sn.coinafrique.com/categorie/poules-lapins-et-pigeons","Lapin Angora","25 000CFA","Thies Nord, Thiès, Sénégal","https://images.coinafrique.com/thumb_1732205_uploaded_image1_1583152160.0.png"
"1767042573-734","https://sn.coinafrique.com/categorie/poules-lapins-et-pigeons","Coq","25 000CFA","Les Parcelles Assainies, Dakar, Sénégal","https://images.coinafrique.com/thumb_1723625_uploaded_image1_1582972350.31.png"
"1767042573-735","https://sn.coinafrique.com/categorie/poules-lapins-et-pigeons","Poussin Orpington","5 000CFA","Dakar, Sénégal","https://images.coinafrique.com/thumb_1716103_uploaded_image1_1582837127.36.png"
"1767042573-736","https://sn.coinafrique.com/categorie/poules-lapins-et-pigeons","Pigeons","65 000CFA","Dakar-Plateau, Dakar, Sénégal","https://images.coinafrique.com/thumb_1712742_uploaded_image1_1582798028.37.png"
"1767042573-737","https://sn.coinafrique.com/categorie/poules-lapins-et-pigeons","Coq Orpington Fauve","35 000CFA","Louga, Sénégal","https://images.coinafrique.com/thumb_1699722_uploaded_image1_1582581938.31.png"
"1767042573-738","https://sn.coinafrique.com/categorie/poules-lapins-et-pigeons","Paon","250 000CFA","Dakar, Sénégal","https://images.coinafrique.com/thumb_1691196_uploaded_image1_1582420837.2.png"
"1767042573-739","https://sn.coinafrique.com/categorie/poules-lapins-et-pigeons","Lapin métissé","10 000CFA","Dakar, Sénégal","https://images.coinafrique.com/thumb_1687460_uploaded_image1_1582336381.54.png"
"1767042573-740","https://sn.coinafrique.com/categorie/poules-lapins-et-pigeons","Blond Panoramin","40 000CFA","Guediawaye, Dakar, Sénégal","https://images.coinafrique.com/thumb_1654385_uploaded_image1_1581775358.47.png"
"1767042573-741","https://sn.coinafrique.com/categorie/poules-lapins-et-pigeons","Poule","55 000CFA","Keur Massar, Sénégal","https://images.coinafrique.com/thumb_1645136_uploaded_image1_1581608040.8.png"
"1767042573-742","https://sn.coinafrique.com/categorie/poules-lapins-et-pigeons","Femelle cochin bleu","30 000CFA","Les Parcelles Assainies, Dakar, Sénégal","https://images.coinafrique.com/thumb_1599500_uploaded_image1_1580916087.86.png"
"1767042573-743","https://sn.coinafrique.com/categorie/poules-lapins-et-pigeons","Oies","90 000CFA","Keur Massar, Sénégal","https://images.coinafrique.com/thumb_1584132_uploaded_image2_1580714620.25.png"
"1767042573-744","https://sn.coinafrique.com/categorie/poules-lapins-et-pigeons","Couple Cochin","Prix sur demande","Keur Massar, Sénégal","https://images.coinafrique.com/thumb_1577201_uploaded_image1_1580561085.8.png"
"1767042573-745","https://sn.coinafrique.com/categorie/poules-lapins-et-pigeons","Poulet","40 000CFA","Hann Bel-Air, Dakar, Sénégal","https://images.coinafrique.com/thumb_1521236_uploaded_image1_1579695858.03.png"
"1767042573-746","https://sn.coinafrique.com/categorie/poules-lapins-et-pigeons","Males Bantam de Pékin","15 000CFA","Keur Massar, Sénégal","https://images.coinafrique.com/thumb_1480111_uploaded_image1_1579028647.6.png"
"1767042573-747","https://sn.coinafrique.com/categorie/poules-lapins-et-pigeons","Poule","35 000CFA","Hann Bel-Air, Dakar, Sénégal","https://images.coinafrique.com/thumb_1461888_uploaded_image1_1578719186.99.png"
"1767042573-748","https://sn.coinafrique.com/categorie/poules-lapins-et-pigeons","Poussin hermine - 7 jours","15 000CFA","Sénégal","https://images.coinafrique.com/thumb_1432855_uploaded_image1_1578928555.77.png"
"1767042573-749","https://sn.coinafrique.com/categorie/poules-lapins-et-pigeons","Poulet de race","40 000CFA","Dakar, Sénégal","https://images.coinafrique.com/thumb_1417714_uploaded_image1_1577970779.66.png"
"1767042573-750","https://sn.coinafrique.com/categorie/poules-lapins-et-pigeons","Brahmane","50 000CFA","Keur Massar, Sénégal","https://images.coinafrique.com/thumb_1415899_uploaded_image1_1577916626.18.png"
"1767042573-751","https://sn.coinafrique.com/categorie/poules-lapins-et-pigeons","Trio Bantam de Pékin","60 000CFA","Keur Massar, Sénégal","https://images.coinafrique.com/thumb_1415870_uploaded_image1_1577915713.92.png"
"1767042573-752","https://sn.coinafrique.com/categorie/poules-lapins-et-pigeons","Oeuf fécondé","240CFA","Dakar, Sénégal","https://images.coinafrique.com/thumb_1365452_uploaded_image1_1576790350.48.png"
"1767042573-753","https://sn.coinafrique.com/categorie/poules-lapins-et-pigeons","Canards","5 000CFA","Mermoz-Sacré-Cœur, Dakar, Sénégal","https://images.coinafrique.com/thumb_1346042_uploaded_image1_1576463783.33.png"
"1767042573-754","https://sn.coinafrique.com/categorie/poules-lapins-et-pigeons","Dinde d'Amérique","Prix sur demande","Dakar, Sénégal","https://images.coinafrique.com/thumb_1346036_uploaded_image1_1576462750.49.png"
"1767042573-755","https://sn.coinafrique.com/categorie/poules-lapins-et-pigeons","Lapin","25 000CFA","Grand Yoff, Dakar, Sénégal","https://images.coinafrique.com/thumb_1291244_uploaded_image1_1575430604.21.png"
"1767042573-756","https://sn.coinafrique.com/categorie/poules-lapins-et-pigeons","Lapins de race","70 000CFA","Guediawaye, Dakar, Sénégal","https://images.coinafrique.com/thumb_1291215_uploaded_image1_1575425694.27.png"
"1767042573-757","https://sn.coinafrique.com/categorie/poules-lapins-et-pigeons","Lapins de race","70 000CFA","Guediawaye, Dakar, Sénégal","https://images.coinafrique.com/thumb_1291213_uploaded_image1_1575425609.27.png"
"1767042573-758","https://sn.coinafrique.com/categorie/poules-lapins-et-pigeons","Lapereaux fauve","Prix sur demande","Ngor, Dakar, Sénégal","https://images.coinafrique.com/thumb_1261253_uploaded_image1_1574871227.98.png"
"1767042573-759","https://sn.coinafrique.com/categorie/poules-lapins-et-pigeons","Pigeon mondain","20 000CFA","Mermoz-Sacré-Cœur, Dakar, Sénégal","https://images.coinafrique.com/thumb_1247406_uploaded_image1_1574631655.88.png"
"1767042573-760","https://sn.coinafrique.com/categorie/poules-lapins-et-pigeons","Pigeon fauve","10 000CFA","Mermoz-Sacré-Cœur, Dakar, Sénégal","https://images.coinafrique.com/thumb_1246480_uploaded_image1_1574613561.29.png"
"1767042573-761","https://sn.coinafrique.com/categorie/poules-lapins-et-pigeons","Pigeon à queue de paon indien","20 000CFA","Dakar, Sénégal","https://images.coinafrique.com/thumb_1242200_uploaded_image1_1574510941.51.png"
"1767042573-762","https://sn.coinafrique.com/categorie/poules-lapins-et-pigeons","Pigeons","60 000CFA","Pikine, Sénégal","https://images.coinafrique.com/thumb_1209192_uploaded_image1_1573933592.0.png"
"1767042573-763","https://sn.coinafrique.com/categorie/poules-lapins-et-pigeons","Jeune femelle  lavande","20 000CFA","Les Parcelles Assainies, Dakar, Sénégal","https://images.coinafrique.com/thumb_1204935_uploaded_image1_1573840898.61.png"
"1767042573-764","https://sn.coinafrique.com/categorie/poules-lapins-et-pigeons","Poussin - 1 jour","Prix sur demande","Sénégal","https://images.coinafrique.com/thumb_1159518_uploaded_image1_1572985208.46.png"
"1767042573-765","https://sn.coinafrique.com/categorie/poules-lapins-et-pigeons","Lawar","30 000CFA","Mermoz-Sacré-Cœur, Dakar, Sénégal","https://images.coinafrique.com/thumb_1148681_uploaded_image1_1572794832.68.png"
"1767042573-766","https://sn.coinafrique.com/categorie/poules-lapins-et-pigeons","Maton","25 000CFA","Mermoz-Sacré-Cœur, Dakar, Sénégal","https://images.coinafrique.com/thumb_1148605_uploaded_image1_1572793285.71.png"
"1767042573-767","https://sn.coinafrique.com/categorie/poules-lapins-et-pigeons","Poulets Guinars tiirr","Prix sur demande","Patte d'oie, Dakar, Sénégal","https://images.coinafrique.com/thumb_1146827_uploaded_image2_1572746441.92.png"
"1767042573-768","https://sn.coinafrique.com/categorie/poules-lapins-et-pigeons","Pigeons","Prix sur demande","Fatick, Sénégal","https://images.coinafrique.com/thumb_1137405_uploaded_image2_1572537461.89.png"
"1767042573-769","https://sn.coinafrique.com/categorie/poules-lapins-et-pigeons","Bleu hollandais","25 000CFA","Sénégal","https://images.coinafrique.com/thumb_1115010_uploaded_image1_1572106167.81.png"
"1767042573-770","https://sn.coinafrique.com/categorie/poules-lapins-et-pigeons","Couple pigeons cravatés français","50 000CFA","Cambérène, Dakar, Sénégal","https://images.coinafrique.com/thumb_1112720_uploaded_image1_1572054298.36.png"
"1767042573-771","https://sn.coinafrique.com/categorie/poules-lapins-et-pigeons","Pigeon links","Prix sur demande","Diourbel, Sénégal","https://images.coinafrique.com/thumb_1091921_uploaded_image1_1571681099.26.png"
"1767042573-772","https://sn.coinafrique.com/categorie/poules-lapins-et-pigeons","Lapin géant des Flandres","35 000CFA","Mermoz-Sacré Coeur, Dakar, Sénégal","https://images.coinafrique.com/thumb_1072763_uploaded_image1_1571252694.33.png"
"1767042573-773","https://sn.coinafrique.com/categorie/poules-lapins-et-pigeons","Perroquet","75 000CFA","Hann Bel-Air, Dakar, Sénégal","https://images.coinafrique.com/thumb_1040990_uploaded_image1_1570583700.42.png"
"1767042573-774","https://sn.coinafrique.com/categorie/poules-lapins-et-pigeons","Lapin géant","45 000CFA","Yoff, Dakar, Sénégal","https://images.coinafrique.com/thumb_1023073_uploaded_image1_1570188340.15.png"
"1767042573-775","https://sn.coinafrique.com/categorie/poules-lapins-et-pigeons","Lapin angora californien","15 000CFA","Mermoz-Sacré-Cœur, Dakar, Sénégal","https://images.coinafrique.com/thumb_1014679_uploaded_image1_1570023780.43.png"
"1767042573-776","https://sn.coinafrique.com/categorie/poules-lapins-et-pigeons","Pigeon voyageur","20 000CFA","Grand Yoff, Dakar, Sénégal","https://images.coinafrique.com/thumb_1006424_uploaded_image1_1569854764.54.png"
"1767042573-777","https://sn.coinafrique.com/categorie/poules-lapins-et-pigeons","Pigeon voyageur","25 000CFA","Grand Yoff, Dakar, Sénégal","https://images.coinafrique.com/thumb_1006413_uploaded_image1_1569854645.39.png"
"1767042573-778","https://sn.coinafrique.com/categorie/poules-lapins-et-pigeons","Pigeon voyageur","20 000CFA","Grand Yoff, Dakar, Sénégal","https://images.coinafrique.com/thumb_1006407_uploaded_image1_1569854536.38.png"
"1767042573-779","https://sn.coinafrique.com/categorie/poules-lapins-et-pigeons","Bleus d'hollande","15 000CFA","Hann Bel-Air, Dakar, Sénégal","https://images.coinafrique.com/thumb_1006380_uploaded_image1_1569854064.06.png"
"1767042573-780","https://sn.coinafrique.com/categorie/poules-lapins-et-pigeons","Brahmane poules","35 000CFA","Hann Bel-Air, Dakar, Sénégal","https://images.coinafrique.com/thumb_1006369_uploaded_image1_1569853974.38.png"
"1767042573-781","https://sn.coinafrique.com/categorie/poules-lapins-et-pigeons","Lapins angora californien","11 000CFA","Médina, Dakar, Sénégal","https://images.coinafrique.com/thumb_993655_uploaded_image1_1569535990.77.png"
"1767042573-782","https://sn.coinafrique.com/categorie/poules-lapins-et-pigeons","Poules","7 000CFA","Sénégal","https://images.coinafrique.com/thumb_977534_uploaded_image1_1569239272.43.png"
"1767042573-783","https://sn.coinafrique.com/categorie/poules-lapins-et-pigeons","Paons Pigeons","30 000CFA","Guediawaye, Dakar, Sénégal","https://images.coinafrique.com/thumb_968953_uploaded_image1_1569008082.81.png"
"1767042573-784","https://sn.coinafrique.com/categorie/poules-lapins-et-pigeons","Poulet - Pigeon  - Lapin","Prix sur demande","Sénégal","https://images.coinafrique.com/thumb_944363_uploaded_image1_1568471599.26.png"
"1767042573-785","https://sn.coinafrique.com/categorie/poules-lapins-et-pigeons","Bouldolande","7 000CFA","Dieuppeul-Derklé, Dakar, Sénégal","https://images.coinafrique.com/thumb_944280_uploaded_image1_1568469542.41.png"
"1767042573-786","https://sn.coinafrique.com/categorie/poules-lapins-et-pigeons","Poussins Bantam","8 000CFA","Keur Massar, Sénégal","https://images.coinafrique.com/thumb_912493_uploaded_image1_1567685916.85.png"
"1767042573-787","https://sn.coinafrique.com/categorie/poules-lapins-et-pigeons","Poulet de chair","Prix sur demande","Pikine, Sénégal","https://images.coinafrique.com/thumb_908730_uploaded_image1_1567603082.63.png"
"1767042573-788","https://sn.coinafrique.com/categorie/poules-lapins-et-pigeons","Femelle Cochin bleu","30 000CFA","Dakar, Sénégal","https://images.coinafrique.com/thumb_899496_uploaded_image1_1567386467.81.png"
"1767042573-789","https://sn.coinafrique.com/categorie/poules-lapins-et-pigeons","Barahmane","15 000CFA","Dakar, Sénégal","https://images.coinafrique.com/thumb_899487_uploaded_image1_1567386142.96.png"
"1767042573-790","https://sn.coinafrique.com/categorie/poules-lapins-et-pigeons","Poussins bantam","15 000CFA","Dakar, Sénégal","https://images.coinafrique.com/thumb_899477_uploaded_image1_1567385912.28.png"
"1767042573-791","https://sn.coinafrique.com/categorie/poules-lapins-et-pigeons","Coq","30 000CFA","Dakar, Sénégal","https://images.coinafrique.com/thumb_899472_uploaded_image1_1567385639.81.png"
"1767042573-792","https://sn.coinafrique.com/categorie/poules-lapins-et-pigeons","Poulet de chair","2 500CFA","Sénégal","https://images.coinafrique.com/thumb_886584_uploaded_image1_1567011994.0.png"
"1767042573-793","https://sn.coinafrique.com/categorie/poules-lapins-et-pigeons","Coqs et poussins","800CFA","Sénégal","https://images.coinafrique.com/thumb_886578_uploaded_image1_1567011857.49.png"
"1767042573-794","https://sn.coinafrique.com/categorie/poules-lapins-et-pigeons","Poulet de chair","2 500CFA","Dakar, Sénégal","https://images.coinafrique.com/thumb_885789_uploaded_image1_1566997710.07.png"
"1767042573-795","https://sn.coinafrique.com/categorie/poules-lapins-et-pigeons","Lapin nain noir adulte","10 000CFA","Médina, Dakar, Sénégal","https://images.coinafrique.com/thumb_878312_uploaded_image1_1566833445.3.png"
"1767042573-796","https://sn.coinafrique.com/categorie/poules-lapins-et-pigeons","Femelle GDF 4 mois","70 000CFA","Médina, Dakar, Sénégal","https://images.coinafrique.com/thumb_862099_uploaded_image1_1566396428.28.png"
"1767042573-797","https://sn.coinafrique.com/categorie/poules-lapins-et-pigeons","Race bleu d' hollande","800CFA","Sénégal","https://images.coinafrique.com/thumb_858710_uploaded_image1_1566319546.08.png"
"1767042573-798","https://sn.coinafrique.com/categorie/poules-lapins-et-pigeons","Coq et poussins bleus","15 000CFA","Sénégal","https://images.coinafrique.com/thumb_855420_uploaded_image1_1566249496.28.png"
"1767042573-799","https://sn.coinafrique.com/categorie/poules-lapins-et-pigeons","Lapin Buchka","7 000CFA","Yoff, Dakar, Sénégal","https://images.coinafrique.com/thumb_848961_uploaded_image1_1566052780.75.png"
"1767042573-800","https://sn.coinafrique.com/categorie/poules-lapins-et-pigeons","Coqs Brahmane","5 000CFA","Thies Ouest, Thiès, Sénégal","https://images.coinafrique.com/thumb_841858_uploaded_image1_1565838064.66.png"
"1767042573-801","https://sn.coinafrique.com/categorie/poules-lapins-et-pigeons","Poulet de chair","2 000CFA","Guediawaye, Dakar, Sénégal","https://images.coinafrique.com/thumb_798654_uploaded_image2_1564576617.9.png"
"1767042573-802","https://sn.coinafrique.com/categorie/poules-lapins-et-pigeons","Lapins","40 000CFA","Dakar, Sénégal","https://images.coinafrique.com/thumb_774940_uploaded_image1_1563940703.34.png"
"1767042573-803","https://sn.coinafrique.com/categorie/poules-lapins-et-pigeons","Lapin géant","70 000CFA","Mbour, Sénégal","https://images.coinafrique.com/thumb_761183_uploaded_image1_1563536095.25.png"
"1767042573-804","https://sn.coinafrique.com/categorie/poules-lapins-et-pigeons","Lapins et lapereaux angora Californien","Prix sur demande","Médina, Dakar, Sénégal","https://images.coinafrique.com/thumb_729715_uploaded_image1_1562719494.94.png"
"1767042573-805","https://sn.coinafrique.com/categorie/poules-lapins-et-pigeons","Poulet de chair","3 000CFA","Grand Yoff, Dakar, Sénégal","https://images.coinafrique.com/thumb_729710_uploaded_image1_1562719384.82.png"
"1767042573-806","https://sn.coinafrique.com/categorie/poules-lapins-et-pigeons","Lapins et lapereaux Angora Californien","Prix sur demande","Medina, Dakar, Sénégal","https://images.coinafrique.com/thumb_729692_uploaded_image1_1562719154.82.png"
